,股票日期,更新時間點,股票類別,股票名稱,股票代號,開盤價,漲停價,跌停價,當日最高,當日最低,成交價,成交量
0,20210531,13:30:00,水泥工業,台泥,1101,50.6000,55.6000,45.5500,51.6000,50.5000,51.6000,1101
1,20210531,13:30:00,水泥工業,台泥乙特,1101B,53.5000,58.9000,48.2500,53.6000,53.1000,-,1101B
2,20210531,13:30:00,水泥工業,亞泥,1102,50.6000,55.4000,45.4000,52.4000,50.4000,51.9000,1102
3,20210531,13:30:00,水泥工業,嘉泥,1103,22.1500,24.1000,19.8000,22.7000,22.1000,22.2500,1103
4,20210531,13:30:00,水泥工業,環泥,1104,22.6500,24.6500,20.2500,23.0500,22.6000,22.7500,1104
5,20210531,13:30:00,水泥工業,幸福,1108,14.0000,15.3000,12.6000,14.3500,13.9000,14.0000,1108
6,20210531,13:30:00,水泥工業,信大,1109,26.0000,28.6500,23.4500,26.6500,25.9500,26.2500,1109
7,20210531,13:30:00,水泥工業,東泥,1110,16.0000,17.6000,14.4000,16.0500,15.8500,16.0500,1110
8,20210531,13:30:00,食品工業,味全,1201,21.5000,23.5000,19.3000,21.8500,21.4000,21.6500,1201
9,20210531,13:30:00,食品工業,味王,1203,35.4500,38.8500,31.8500,35.6500,35.4500,-,1203
10,20210531,13:30:00,食品工業,大成,1210,57.0000,62.2000,51.0000,57.8000,56.6000,57.7000,1210
11,20210531,13:30:00,食品工業,大飲,1213,9.0000,9.6200,7.8800,9.0500,9.0000,9.0100,1213
12,20210531,13:30:00,食品工業,卜蜂,1215,78.2000,85.8000,70.2000,79.7000,78.2000,79.6000,1215
13,20210531,13:30:00,食品工業,統一,1216,73.4000,80.0000,65.6000,73.7000,72.6000,73.6000,1216
14,20210531,13:30:00,食品工業,愛之味,1217,12.4000,13.4500,11.0500,12.6000,11.9000,11.9500,1217
15,20210531,13:30:00,食品工業,泰山,1218,29.1000,31.7500,26.0500,29.4000,29.0000,29.2000,1218
16,20210531,13:30:00,食品工業,福壽,1219,23.5500,25.5000,20.9000,23.8500,23.3500,23.5000,1219
17,20210531,13:30:00,食品工業,台榮,1220,16.7500,18.0500,14.8500,17.4000,16.6000,17.0000,1220
18,20210531,13:30:00,食品工業,福懋油,1225,44.5000,48.5500,39.7500,46.4000,44.5000,45.0500,1225
19,20210531,13:30:00,食品工業,佳格,1227,52.7000,57.8000,47.3500,53.9000,52.7000,53.7000,1227
20,20210531,13:30:00,食品工業,聯華,1229,49.0000,53.9000,44.1000,49.0000,48.1000,48.3000,1229
21,20210531,13:30:00,食品工業,聯華食,1231,59.8000,64.6000,53.0000,59.8000,59.1000,59.3000,1231
22,20210531,13:30:00,食品工業,大統益,1232,161.0000,177.5000,145.5000,162.0000,160.0000,160.5000,1232
23,20210531,13:30:00,食品工業,天仁,1233,34.5000,37.9500,31.0500,34.7500,34.4000,34.7000,1233
24,20210531,13:30:00,食品工業,黑松,1234,35.0500,38.5500,31.5500,35.2000,34.9500,35.0000,1234
25,20210531,13:30:00,食品工業,興泰,1235,33.6000,36.5000,29.9000,34.3000,33.6000,34.0000,1235
26,20210531,13:30:00,食品工業,宏亞,1236,15.2000,16.7000,13.7000,15.2000,15.0000,15.1000,1236
27,20210531,13:30:00,食品工業,鮮活果汁-KY,1256,477.5000,525.0000,430.0000,477.5000,471.0000,472.0000,1256
28,20210531,13:30:00,食品工業,南僑,1702,56.7000,62.1000,50.9000,57.1000,56.5000,56.9000,1702
29,20210531,13:30:00,食品工業,臺鹽,1737,32.0000,35.2000,28.8000,32.1500,31.8500,32.0000,1737
30,20210531,13:30:00,塑膠工業,台塑,1301,101.5000,111.5000,91.4000,104.5000,101.5000,103.5000,1301
31,20210531,13:30:00,塑膠工業,南亞,1303,83.7000,91.8000,75.2000,85.1000,83.5000,84.4000,1303
32,20210531,13:30:00,塑膠工業,台聚,1304,35.5000,37.6000,30.8000,37.6000,35.1000,36.3000,1304
33,20210531,13:30:00,塑膠工業,華夏,1305,35.3000,38.3000,31.4000,37.2000,35.1500,35.6000,1305
34,20210531,13:30:00,塑膠工業,三芳,1307,22.0000,24.0000,19.7000,22.2000,21.7500,21.7500,1307
35,20210531,13:30:00,塑膠工業,亞聚,1308,31.3000,33.3500,27.3500,33.0000,31.1000,31.9500,1308
36,20210531,13:30:00,塑膠工業,台達化,1309,41.0500,44.9000,36.8000,42.7500,41.0500,41.3500,1309
37,20210531,13:30:00,塑膠工業,台苯,1310,19.7000,21.4500,17.5500,20.3000,19.6000,19.6500,1310
38,20210531,13:30:00,塑膠工業,國喬,1312,26.7500,28.8000,23.6000,27.4500,26.6000,26.8000,1312
39,20210531,13:30:00,塑膠工業,國喬特,1312A,34.4000,37.9500,31.0500,34.5000,34.3000,34.3000,1312A
40,20210531,13:30:00,塑膠工業,聯成,1313,25.8500,27.9500,22.9500,27.1000,25.5000,25.7500,1313
41,20210531,13:30:00,塑膠工業,中石化,1314,13.0500,14.1500,11.6500,13.4000,13.0000,13.0500,1314
42,20210531,13:30:00,塑膠工業,達新,1315,70.8000,77.9000,63.9000,71.6000,70.5000,71.4000,1315
43,20210531,13:30:00,塑膠工業,大洋,1321,35.1000,38.7500,31.7500,35.6000,35.1000,35.3500,1321
44,20210531,13:30:00,塑膠工業,永裕,1323,33.8500,37.4500,30.6500,34.2500,33.8000,34.2500,1323
45,20210531,13:30:00,塑膠工業,地球,1324,10.9500,12.0000,9.8600,11.1000,10.6000,10.6500,1324
46,20210531,13:30:00,塑膠工業,恆大,1325,90.6000,100.5000,82.5000,91.5000,89.0000,89.8000,1325
47,20210531,13:30:00,塑膠工業,台化,1326,85.8000,93.9000,76.9000,86.4000,84.9000,85.6000,1326
48,20210531,13:30:00,塑膠工業,再生-KY,1337,7.8600,8.5000,6.9600,7.9700,7.5500,7.6200,1337
49,20210531,13:30:00,塑膠工業,勝悅-KY,1340,10.8000,11.8500,9.7200,10.8500,10.6000,10.7000,1340
50,20210531,13:30:00,塑膠工業,富林-KY,1341,78.9000,86.7000,71.1000,78.9000,77.8000,-,1341
51,20210531,13:30:00,塑膠工業,炎洲,4306,18.7000,20.4500,16.7500,18.8500,18.5500,18.6000,4306
52,20210531,13:30:00,紡織纖維,遠東新,1402,31.4500,34.3500,28.1500,31.9500,31.4000,31.6500,1402
53,20210531,13:30:00,紡織纖維,新纖,1409,21.6000,23.6500,19.3500,21.8500,21.3500,21.5500,1409
54,20210531,13:30:00,紡織纖維,南染,1410,35.1000,38.4000,31.5000,35.1000,34.4000,34.6000,1410
55,20210531,13:30:00,紡織纖維,宏洲,1413,12.1500,13.3000,10.9000,12.6000,11.8500,11.8500,1413
56,20210531,13:30:00,紡織纖維,東和,1414,18.4000,19.7000,16.2000,18.4000,17.5000,17.8000,1414
57,20210531,13:30:00,紡織纖維,嘉裕,1417,16.4000,17.9000,14.7000,16.4500,15.7000,15.7000,1417
58,20210531,13:30:00,紡織纖維,東華,1418,11.5000,12.7500,10.4500,11.5500,11.4500,-,1418
59,20210531,13:30:00,紡織纖維,新紡,1419,39.6500,43.6000,35.7000,39.9000,39.5000,39.8000,1419
60,20210531,13:30:00,紡織纖維,利華,1423,21.3000,23.3500,19.1500,21.4000,21.2000,21.2500,1423
61,20210531,13:30:00,紡織纖維,福懋,1434,30.9000,33.9000,27.8000,31.1500,30.8500,30.9000,1434
62,20210531,13:30:00,紡織纖維,中和,1439,24.0000,26.8000,22.0000,24.2500,23.8000,23.9500,1439
63,20210531,13:30:00,紡織纖維,南紡,1440,28.7500,31.2500,25.6500,29.0000,27.8000,28.0000,1440
64,20210531,13:30:00,紡織纖維,大東,1441,12.1500,13.2000,10.8000,12.2500,11.3000,11.7000,1441
65,20210531,13:30:00,紡織纖維,立益,1443,12.1500,13.4000,11.0000,12.4000,12.1500,12.4000,1443
66,20210531,13:30:00,紡織纖維,力麗,1444,12.9000,13.9000,11.4000,13.1000,12.6500,12.8000,1444
67,20210531,13:30:00,紡織纖維,大宇,1445,12.0000,13.0000,10.7000,12.0000,11.6500,12.0000,1445
68,20210531,13:30:00,紡織纖維,宏和,1446,28.8000,31.5500,25.8500,29.4000,28.7000,-,1446
69,20210531,13:30:00,紡織纖維,力鵬,1447,12.8500,13.9000,11.4000,13.1500,12.6500,12.7000,1447
70,20210531,13:30:00,紡織纖維,佳和,1449,15.7000,17.2500,14.1500,16.2500,15.7000,16.1000,1449
71,20210531,13:30:00,紡織纖維,年興,1451,22.9000,25.0000,20.5000,22.9000,21.5000,21.6000,1451
72,20210531,13:30:00,紡織纖維,宏益,1452,25.2500,27.3500,22.4500,25.3500,24.0000,24.2500,1452
73,20210531,13:30:00,紡織纖維,大將,1453,9.4400,10.1500,8.3100,9.4400,9.1700,9.2000,1453
74,20210531,13:30:00,紡織纖維,台富,1454,10.7000,11.6500,9.5400,10.7500,10.2000,10.3500,1454
75,20210531,13:30:00,紡織纖維,集盛,1455,27.0000,29.1500,23.8500,27.2000,24.9000,25.1000,1455
76,20210531,13:30:00,紡織纖維,怡華,1456,17.5000,19.1500,15.7500,17.6000,17.0000,17.2500,1456
77,20210531,13:30:00,紡織纖維,宜進,1457,18.2500,19.8000,16.2000,18.2500,17.9500,18.0500,1457
78,20210531,13:30:00,紡織纖維,聯發,1459,14.3500,15.6500,12.8500,14.5000,13.9000,13.9000,1459
79,20210531,13:30:00,紡織纖維,宏遠,1460,12.5500,13.3000,10.9000,12.7000,12.0500,12.1000,1460
80,20210531,13:30:00,紡織纖維,強盛,1463,14.4000,15.3000,12.6000,14.4000,13.8000,13.9000,1463
81,20210531,13:30:00,紡織纖維,得力,1464,17.5000,19.0000,15.6000,17.5000,17.2000,17.2500,1464
82,20210531,13:30:00,紡織纖維,偉全,1465,12.9500,14.1500,11.6500,12.9500,12.8000,-,1465
83,20210531,13:30:00,紡織纖維,聚隆,1466,21.5000,23.5000,19.3000,21.7000,20.1500,20.2500,1466
84,20210531,13:30:00,紡織纖維,南緯,1467,18.0000,19.6500,16.1500,18.0000,17.5500,17.6000,1467
85,20210531,13:30:00,紡織纖維,昶和,1468,12.4000,13.8500,11.3500,12.5000,12.1000,-,1468
86,20210531,13:30:00,紡織纖維,大統新創,1470,15.9500,17.6500,14.4500,15.9500,15.8000,-,1470
87,20210531,13:30:00,紡織纖維,三洋紡,1472,10.5000,11.5500,9.4500,10.6000,10.5000,10.6000,1472
88,20210531,13:30:00,紡織纖維,台南,1473,18.2000,19.8500,16.2500,18.2000,17.9500,18.0500,1473
89,20210531,13:30:00,紡織纖維,弘裕,1474,17.8500,19.4000,15.9000,18.0000,17.1000,17.2500,1474
90,20210531,13:30:00,紡織纖維,業旺,1475,35.4000,38.6500,31.6500,36.2000,35.1500,35.1500,1475
91,20210531,13:30:00,紡織纖維,儒鴻,1476,645.0000,713.0000,585.0000,652.0000,637.0000,645.0000,1476
92,20210531,13:30:00,紡織纖維,聚陽,1477,289.0000,312.5000,256.5000,289.0000,280.5000,281.0000,1477
93,20210531,13:30:00,紡織纖維,如興,4414,9.8800,10.8000,8.8400,9.9400,9.8100,9.8300,4414
94,20210531,13:30:00,紡織纖維,利勤,4426,24.8000,27.1000,22.2000,25.0000,24.4000,24.5000,4426
95,20210531,13:30:00,紡織纖維,廣越,4438,133.0000,141.5000,116.5000,137.0000,132.5000,136.0000,4438
96,20210531,13:30:00,紡織纖維,冠星-KY,4439,148.0000,162.5000,133.5000,148.0000,147.0000,147.0000,4439
97,20210531,13:30:00,電機機械,士電,1503,51.1000,56.2000,46.0000,51.2000,51.0000,51.2000,1503
98,20210531,13:30:00,電機機械,東元,1504,32.9500,36.2000,29.7000,33.2500,32.9500,33.0000,1504
99,20210531,13:30:00,電機機械,正道,1506,9.7600,10.7000,8.7900,9.9000,9.6500,9.7000,1506
100,20210531,13:30:00,電機機械,永大,1507,61.5000,67.6000,55.4000,62.0000,61.4000,61.9000,1507
101,20210531,13:30:00,電機機械,中興電,1513,51.2000,56.3000,46.1000,51.7000,51.0000,51.2000,1513
102,20210531,13:30:00,電機機械,亞力,1514,24.0000,26.2500,21.5500,24.2500,23.8000,23.8500,1514
103,20210531,13:30:00,電機機械,力山,1515,78.4000,85.8000,70.2000,79.3000,76.6000,77.4000,1515
104,20210531,13:30:00,電機機械,利奇,1517,26.5000,28.1000,23.0000,26.9000,25.4000,25.8500,1517
105,20210531,13:30:00,電機機械,華城,1519,43.3000,47.6000,39.0000,44.9500,43.3000,44.2500,1519
106,20210531,13:30:00,電機機械,日馳,1526,50.4000,54.5000,44.6000,50.4000,49.1000,49.1000,1526
107,20210531,13:30:00,電機機械,鑽全,1527,48.0500,52.8000,43.2000,48.5000,47.5000,47.8000,1527
108,20210531,13:30:00,電機機械,恩德,1528,9.9500,10.8500,8.9100,10.0000,9.8500,9.8900,1528
109,20210531,13:30:00,電機機械,樂士,1529,17.0000,18.7000,15.3000,17.0500,16.8500,16.9500,1529
110,20210531,13:30:00,電機機械,亞崴,1530,35.0000,38.9000,31.9000,35.9500,35.0000,-,1530
111,20210531,13:30:00,電機機械,高林股,1531,14.8500,16.0500,13.1500,14.8500,14.5000,14.5500,1531
112,20210531,13:30:00,電機機械,勤美,1532,32.9000,36.1500,29.6500,33.4000,32.8500,33.1500,1532
113,20210531,13:30:00,電機機械,中宇,1535,38.5000,42.3500,34.6500,38.6000,38.3000,38.4000,1535
114,20210531,13:30:00,電機機械,廣隆,1537,144.0000,158.0000,130.0000,144.0000,143.0000,143.5000,1537
115,20210531,13:30:00,電機機械,正峰,1538,12.5000,13.7500,11.2500,12.5500,12.5000,12.5000,1538
116,20210531,13:30:00,電機機械,巨庭,1539,17.5000,19.4500,15.9500,17.9500,17.5000,17.5000,1539
117,20210531,13:30:00,電機機械,喬福,1540,16.0000,17.6000,14.4000,16.0000,15.8500,15.9500,1540
118,20210531,13:30:00,電機機械,錩泰,1541,49.8000,54.7000,44.8500,50.8000,49.0000,-,1541
119,20210531,13:30:00,電機機械,伸興,1558,165.0000,181.5000,148.5000,166.0000,164.0000,164.5000,1558
120,20210531,13:30:00,電機機械,中砂,1560,64.2000,70.6000,57.8000,64.7000,64.2000,64.5000,1560
121,20210531,13:30:00,電機機械,程泰,1583,63.7000,69.4000,56.8000,63.7000,63.1000,-,1583
122,20210531,13:30:00,電機機械,永冠-KY,1589,72.9000,79.6000,65.2000,74.6000,72.8000,72.8000,1589
123,20210531,13:30:00,電機機械,亞德客-KY,1590,1000.0000,1105.0000,905.0000,1010.0000,988.0000,998.0000,1590
124,20210531,13:30:00,電機機械,直得,1597,104.0000,113.5000,93.2000,104.5000,100.5000,101.0000,1597
125,20210531,13:30:00,電機機械,上銀,2049,370.5000,405.0000,332.0000,376.0000,364.0000,368.0000,2049
126,20210531,13:30:00,電機機械,艾姆勒,2241,52.5000,57.0000,46.7500,53.1000,51.7000,52.8000,2241
127,20210531,13:30:00,電機機械,大同,2371,24.9500,27.3500,22.4500,25.0000,24.6000,24.8500,2371
128,20210531,13:33:00,電機機械,大量,3167,62.8000,69.6000,57.0000,63.6000,62.8000,63.4000,3167
129,20210531,13:30:00,電機機械,東台,4526,15.4500,16.9500,13.9500,15.6000,15.3000,15.4000,4526
130,20210531,13:30:00,電機機械,瑞智,4532,20.3000,22.3500,18.3500,20.5000,20.2000,20.3500,4532
131,20210531,13:30:00,電機機械,全球傳動,4540,51.3000,56.2000,46.0000,52.1000,50.3000,50.3000,4540
132,20210531,13:30:00,電機機械,力達-KY,4552,30.9000,34.1000,27.9000,31.0000,30.3000,30.9500,4552
133,20210531,13:30:00,電機機械,氣立,4555,54.5000,59.4000,48.6000,55.5000,54.0000,54.4000,4555
134,20210531,13:30:00,電機機械,強信-KY,4560,42.0000,46.3000,37.9000,42.0500,41.6000,41.7000,4560
135,20210531,13:30:00,電機機械,穎漢,4562,21.5500,23.7000,19.4000,22.8000,20.8000,21.4500,4562
136,20210531,13:30:00,電機機械,元翎,4564,42.5000,46.8000,38.3000,43.3000,41.4000,41.9500,4564
137,20210531,13:30:00,電機機械,時碩工業,4566,47.7500,52.5000,43.0000,48.3500,47.5000,-,4566
138,20210531,13:30:00,電機機械,鈞興-KY,4571,141.0000,149.5000,122.5000,145.5000,139.5000,142.0000,4571
139,20210531,13:30:00,電機機械,駐龍,4572,97.6000,106.0000,86.9000,98.0000,95.3000,-,4572
140,20210531,13:30:00,電機機械,大銀微系統,4576,129.0000,140.5000,115.5000,129.0000,126.0000,126.5000,4576
141,20210531,13:30:00,電機機械,豐祥-KY,5288,140.0000,152.0000,125.0000,140.0000,138.0000,138.0000,5288
142,20210531,13:30:00,電機機械,寶一,8222,13.8000,14.9500,12.2500,13.8000,13.0000,13.2000,8222
143,20210531,13:30:00,電機機械,羅昇,8374,25.8000,28.1500,23.0500,25.9500,25.6500,25.8000,8374
144,20210531,13:30:00,電機機械,高力,8996,45.6500,49.6000,40.6000,45.6500,44.6500,44.7500,8996
145,20210531,13:30:00,電器電纜,華電,1603,30.3000,33.0000,27.0000,31.7000,30.2500,30.8000,1603
146,20210531,13:30:00,電器電纜,聲寶,1604,29.7000,32.4500,26.5500,29.7500,29.5000,29.5500,1604
147,20210531,13:30:00,電器電纜,華新,1605,26.0000,27.7500,22.7500,27.6000,25.8500,26.4500,1605
148,20210531,13:30:00,電器電纜,華榮,1608,27.9500,29.4000,24.1000,29.4000,27.1000,28.0500,1608
149,20210531,13:30:00,電器電纜,大亞,1609,29.2500,31.0500,25.4500,30.5000,28.9500,29.3000,1609
150,20210531,13:30:00,電器電纜,中電,1611,11.2500,12.3500,10.1500,11.8000,11.2500,11.4000,1611
151,20210531,13:30:00,電器電纜,宏泰,1612,25.3500,27.3000,22.4000,26.6000,25.2500,25.5500,1612
152,20210531,13:30:00,電器電纜,三洋電,1614,33.9500,37.0500,30.3500,34.1000,33.5500,33.8000,1614
153,20210531,13:30:00,電器電纜,大山,1615,39.2000,42.3500,34.6500,42.0000,38.9000,40.3500,1615
154,20210531,13:30:00,電器電纜,億泰,1616,10.3500,10.5000,8.6200,10.5000,10.0500,10.5000,1616
155,20210531,13:30:00,電器電纜,榮星,1617,19.4000,20.7500,17.0500,20.2500,18.9000,19.3000,1617
156,20210531,13:30:00,電器電纜,合機,1618,16.2500,17.6000,14.4000,16.8500,16.1000,16.2000,1618
157,20210531,13:30:00,電器電纜,艾美特-KY,1626,24.0000,26.5500,21.7500,24.2500,24.0000,24.2000,1626
158,20210531,13:30:00,電器電纜,燦星網,4930,25.2000,27.4000,22.5000,25.2000,24.1500,24.2500,4930
159,20210531,13:30:00,電器電纜,禾聯碩,5283,119.5000,131.0000,108.0000,122.5000,118.0000,118.5000,5283
160,20210531,13:30:00,玻璃陶瓷,台玻,1802,34.0000,35.6500,29.2500,35.2500,32.7500,32.9000,1802
161,20210531,13:30:00,玻璃陶瓷,冠軍,1806,11.7000,12.8000,10.5000,12.2500,11.5000,11.6500,1806
162,20210531,13:30:00,玻璃陶瓷,中釉,1809,14.3000,15.5500,12.7500,14.7500,14.0500,14.2000,1809
163,20210531,13:30:00,玻璃陶瓷,和成,1810,11.3500,12.4000,10.2000,11.6000,11.1500,11.2000,1810
164,20210531,13:30:00,玻璃陶瓷,凱撒衛,1817,35.8000,39.1500,32.0500,36.5000,35.8000,36.3000,1817
165,20210531,13:30:00,造紙工業,士紙,1903,53.0000,58.3000,47.7000,53.5000,52.0000,52.4000,1903
166,20210531,13:30:00,造紙工業,正隆,1904,41.2000,45.3000,37.1000,42.0000,41.1500,41.3000,1904
167,20210531,13:30:00,造紙工業,華紙,1905,24.0000,26.2000,21.5000,25.4500,24.0000,24.3500,1905
168,20210531,13:30:00,造紙工業,寶隆,1906,19.4500,21.2000,17.4000,19.8500,19.3000,19.4000,1906
169,20210531,13:30:00,造紙工業,永豐餘,1907,38.1000,41.5000,34.0000,39.1000,37.8000,38.2500,1907
170,20210531,13:30:00,造紙工業,榮成,1909,23.5000,25.7000,21.1000,24.3000,23.3500,23.4500,1909
171,20210531,13:30:00,鋼鐵工業,中鋼,2002,37.7000,40.2000,32.9000,39.1000,36.4500,36.9500,2002
172,20210531,13:30:00,鋼鐵工業,中鋼特,2002A,51.6000,56.7000,46.4500,51.7000,51.4000,51.7000,2002A
173,20210531,13:30:00,鋼鐵工業,東和鋼鐵,2006,49.8000,52.7000,43.2000,51.3000,47.8000,48.3500,2006
174,20210531,13:30:00,鋼鐵工業,燁興,2007,15.5500,15.5500,12.7500,15.5500,14.5500,15.1500,2007
175,20210531,13:30:00,鋼鐵工業,高興昌,2008,20.0000,20.0000,16.4000,20.0000,20.0000,20.0000,2008
176,20210531,13:30:00,鋼鐵工業,第一銅,2009,67.8000,71.7000,58.7000,71.7000,67.0000,69.0000,2009
177,20210531,13:30:00,鋼鐵工業,春源,2010,21.5500,22.7000,18.6000,22.7000,20.7000,21.3000,2010
178,20210531,13:30:00,鋼鐵工業,春雨,2012,31.1500,31.1500,25.5500,31.1500,28.3500,28.8000,2012
179,20210531,13:30:00,鋼鐵工業,中鋼構,2013,43.5000,47.4000,38.8000,44.9000,43.0000,43.2500,2013
180,20210531,13:30:00,鋼鐵工業,中鴻,2014,51.8000,53.5000,43.8500,53.5000,50.1000,52.4000,2014
181,20210531,13:30:00,鋼鐵工業,豐興,2015,76.7000,81.4000,66.6000,80.0000,75.1000,75.2000,2015
182,20210531,13:30:00,鋼鐵工業,官田鋼,2017,24.3500,25.7000,21.1000,25.6000,23.0000,23.7000,2017
183,20210531,13:30:00,鋼鐵工業,美亞,2020,35.2000,38.1500,31.2500,37.0000,34.2000,34.5500,2020
184,20210531,13:30:00,鋼鐵工業,聚亨,2022,14.4000,15.1500,12.4500,15.1500,14.3500,15.1500,2022
185,20210531,13:30:00,鋼鐵工業,燁輝,2023,23.7500,24.9500,20.4500,24.9500,23.0000,23.4500,2023
186,20210531,13:30:00,鋼鐵工業,志聯,2024,19.4500,20.1500,16.5500,20.1500,18.9500,19.1000,2024
187,20210531,13:30:00,鋼鐵工業,千興,2025,4.3200,4.3700,3.5900,4.3200,3.9700,3.9800,2025
188,20210531,13:30:00,鋼鐵工業,大成鋼,2027,47.5000,49.4000,40.5000,49.2500,45.6000,46.0000,2027
189,20210531,13:30:00,鋼鐵工業,威致,2028,36.9000,36.9000,30.2000,36.9000,36.9000,36.9000,2028
190,20210531,13:30:00,鋼鐵工業,盛餘,2029,35.3500,37.6500,30.8500,37.0000,33.5000,34.1500,2029
191,20210531,13:30:00,鋼鐵工業,彰源,2030,20.7000,22.1000,18.1000,21.7000,19.8000,20.2500,2030
192,20210531,13:30:00,鋼鐵工業,新光鋼,2031,67.0000,70.8000,58.0000,70.2000,64.2000,64.2000,2031
193,20210531,13:30:00,鋼鐵工業,新鋼,2032,21.5000,22.4500,18.4500,22.2500,20.1500,20.4500,2032
194,20210531,13:30:00,鋼鐵工業,佳大,2033,18.1000,19.0500,15.6500,19.0500,16.9000,17.1000,2033
195,20210531,13:30:00,鋼鐵工業,允強,2034,33.0000,35.6000,29.2000,34.8000,32.0500,32.2000,2034
196,20210531,13:30:00,鋼鐵工業,海光,2038,40.0000,40.8500,33.4500,40.8500,37.3000,37.8000,2038
197,20210531,13:30:00,鋼鐵工業,運錩,2069,25.5000,27.0000,22.1000,26.6000,24.0500,24.1000,2069
198,20210531,13:30:00,鋼鐵工業,長榮鋼,2211,54.9000,59.0000,48.3500,56.9000,53.9000,54.8000,2211
199,20210531,13:30:00,鋼鐵工業,豐達科,3004,57.8000,63.3000,51.9000,57.8000,55.9000,56.2000,3004
200,20210531,13:30:00,鋼鐵工業,三星,5007,60.6000,66.6000,54.6000,61.5000,60.6000,-,5007
201,20210531,13:30:00,鋼鐵工業,東明-KY,5538,42.8000,47.0500,38.5500,46.3000,42.7500,-,5538
202,20210531,13:30:00,鋼鐵工業,世紀鋼,9958,108.5000,116.5000,95.4000,114.0000,108.0000,110.5000,9958
203,20210531,13:30:00,橡膠工業,南港,2101,38.5500,42.0500,34.4500,38.5500,37.9000,38.1000,2101
204,20210531,13:30:00,橡膠工業,泰豐,2102,28.6000,31.4500,25.7500,29.3000,27.0500,27.2000,2102
205,20210531,13:30:00,橡膠工業,台橡,2103,31.1000,33.7500,27.6500,32.0000,30.7000,31.0500,2103
206,20210531,13:30:00,橡膠工業,國際中橡,2104,25.1000,27.3500,22.4500,27.2000,25.1000,27.2000,2104
207,20210531,13:30:00,橡膠工業,正新,2105,47.6000,52.1000,42.7000,47.6000,46.5000,46.6500,2105
208,20210531,13:30:00,橡膠工業,建大,2106,41.3000,45.2500,37.0500,41.5500,40.4500,40.4500,2106
209,20210531,13:30:00,橡膠工業,厚生,2107,24.1500,26.4500,21.6500,24.3000,24.0000,24.1000,2107
210,20210531,13:30:00,橡膠工業,南帝,2108,133.5000,144.0000,118.0000,136.0000,130.5000,131.0000,2108
211,20210531,13:30:00,橡膠工業,華豐,2109,19.4000,21.1500,17.3500,19.7000,18.7000,18.8500,2109
212,20210531,13:30:00,橡膠工業,鑫永銓,2114,120.5000,133.0000,109.0000,121.0000,119.5000,119.5000,2114
213,20210531,13:30:00,橡膠工業,申豐,6582,280.0000,308.0000,252.0000,287.5000,280.0000,280.5000,6582
214,20210531,13:30:00,汽車工業,東陽,1319,32.8500,36.0500,29.5500,33.5000,32.7500,33.1000,1319
215,20210531,13:30:00,汽車工業,廣華-KY,1338,63.4000,69.0000,56.6000,63.4000,62.5000,62.9000,1338
216,20210531,13:30:00,汽車工業,昭輝,1339,38.2000,42.0000,34.4000,38.3000,37.5000,37.9000,1339
217,20210531,13:30:00,汽車工業,瑞利,1512,4.6800,5.0300,4.1300,4.6900,4.5800,4.6000,1512
218,20210531,13:30:00,汽車工業,大億,1521,43.8500,48.0000,39.3000,44.7000,43.6000,44.2000,1521
219,20210531,13:30:00,汽車工業,堤維西,1522,21.5500,23.7000,19.4000,21.9000,21.4000,21.6000,1522
220,20210531,13:30:00,汽車工業,耿鼎,1524,9.9800,11.0000,9.0000,10.2000,9.9300,-,1524
221,20210531,13:30:00,汽車工業,江申,1525,65.2000,71.7000,58.7000,65.5000,64.5000,65.0000,1525
222,20210531,13:30:00,汽車工業,車王電,1533,57.0000,62.0000,50.8000,57.6000,56.2000,56.6000,1533
223,20210531,13:30:00,汽車工業,和大,1536,94.0000,101.5000,83.4000,96.4000,93.0000,93.9000,1536
224,20210531,13:30:00,汽車工業,倉佑,1568,25.3500,28.2000,23.1000,25.8500,25.1000,25.3500,1568
225,20210531,13:30:00,汽車工業,吉茂,1587,28.2000,30.8000,25.2000,28.5000,27.9000,28.0000,1587
226,20210531,13:30:00,汽車工業,英瑞-KY,1592,3.0000,3.3500,2.7500,3.1000,2.9000,2.9300,1592
227,20210531,13:30:00,汽車工業,六暉-KY,2115,46.5000,51.1000,41.8500,47.1500,46.5000,46.9000,2115
228,20210531,13:30:00,汽車工業,裕隆,2201,39.7000,43.6500,35.7500,40.3500,39.4500,39.4500,2201
229,20210531,13:30:00,汽車工業,中華,2204,68.0000,74.5000,61.1000,68.8000,67.8000,68.6000,2204
230,20210531,13:30:00,汽車工業,三陽工業,2206,28.2000,30.8000,25.2000,28.2500,27.8500,27.9500,2206
231,20210531,13:30:00,汽車工業,和泰車,2207,564.0000,620.0000,508.0000,573.0000,557.0000,570.0000,2207
232,20210531,13:30:00,汽車工業,裕日車,2227,266.5000,291.5000,238.5000,267.5000,265.5000,266.5000,2227
233,20210531,13:30:00,汽車工業,劍麟,2228,72.6000,79.6000,65.2000,73.3000,71.4000,71.5000,2228
234,20210531,13:30:00,汽車工業,為升,2231,203.0000,220.5000,180.5000,203.5000,199.5000,201.0000,2231
235,20210531,13:30:00,汽車工業,宇隆,2233,110.0000,120.0000,98.6000,111.5000,107.5000,107.5000,2233
236,20210531,13:30:00,汽車工業,百達-KY,2236,25.2000,27.7500,22.7500,25.2000,24.2000,24.5000,2236
237,20210531,13:30:00,汽車工業,英利-KY,2239,91.5000,100.5000,82.4000,92.1000,91.1000,91.2000,2239
238,20210531,13:30:00,汽車工業,宏旭-KY,2243,10.1500,11.1000,9.0900,10.2000,10.0000,10.0000,2243
239,20210531,13:30:00,汽車工業,汎德永業,2247,222.0000,244.5000,200.5000,223.0000,221.0000,221.5000,2247
240,20210531,13:30:00,汽車工業,怡利電,2497,29.5000,32.3500,26.5500,29.9000,29.2000,29.2000,2497
241,20210531,13:30:00,汽車工業,麗清,3346,44.5000,48.1000,39.4000,46.2000,44.0500,44.8000,3346
242,20210531,13:30:00,汽車工業,智伸科,4551,172.5000,189.5000,155.5000,173.5000,169.5000,170.5000,4551
243,20210531,13:30:00,汽車工業,永新-KY,4557,64.0000,69.5000,56.9000,64.5000,63.5000,63.8000,4557
244,20210531,13:30:00,汽車工業,光隆精密-KY,4581,36.3000,39.9000,32.7000,36.5500,36.2500,36.2500,4581
245,20210531,13:30:00,汽車工業,聯嘉,6288,28.0000,30.4500,24.9500,28.7500,27.8000,28.3000,6288
246,20210531,13:30:00,汽車工業,帝寶,6605,56.3000,62.0000,50.8000,56.6000,56.1000,56.3000,6605
247,20210531,13:30:00,建材營造,上曜,1316,11.2500,12.3500,10.1500,11.4500,11.2500,11.4000,1316
248,20210531,13:30:00,建材營造,華友聯,1436,39.0500,43.6000,35.7000,39.7500,39.0500,-,1436
249,20210531,13:30:00,建材營造,三地開發,1438,30.1000,33.5500,27.4500,30.5000,30.1000,30.5000,1438
250,20210531,13:30:00,建材營造,名軒,1442,17.3000,19.0500,15.6500,17.3500,17.2500,17.2500,1442
251,20210531,13:30:00,建材營造,寶徠,1805,14.0000,15.4000,12.6000,14.0000,13.6000,13.8500,1805
252,20210531,13:30:00,建材營造,潤隆,1808,54.7000,60.5000,49.5000,57.6000,54.7000,57.6000,1808
253,20210531,13:30:00,建材營造,國建,2501,19.8500,21.7000,17.8000,19.9000,19.7000,19.8000,2501
254,20210531,13:30:00,建材營造,國產,2504,25.2500,27.6000,22.6000,25.9000,25.2000,25.5500,2504
255,20210531,13:30:00,建材營造,國揚,2505,30.6500,33.6000,27.5000,30.9000,30.5000,30.6000,2505
256,20210531,13:30:00,建材營造,太設,2506,10.2500,11.2500,9.2300,10.2500,10.1500,10.2000,2506
257,20210531,13:30:00,建材營造,全坤建,2509,19.5500,21.5000,17.6000,19.7500,19.5000,19.5000,2509
258,20210531,13:30:00,建材營造,太子,2511,11.8500,13.0000,10.7000,11.9000,11.7000,11.9000,2511
259,20210531,13:30:00,建材營造,中工,2515,9.0700,9.9100,8.1100,9.1100,8.9200,9.0000,2515
260,20210531,13:30:00,建材營造,新建,2516,5.6900,6.2000,5.0800,6.2000,5.6800,6.2000,2516
261,20210531,13:30:00,建材營造,冠德,2520,37.8000,41.5500,34.0500,38.2000,37.4000,37.5000,2520
262,20210531,13:30:00,建材營造,京城,2524,34.4500,38.6500,31.6500,35.0500,34.4500,35.0500,2524
263,20210531,13:30:00,建材營造,宏璟,2527,22.8000,25.0000,20.5000,22.9500,22.7000,22.9000,2527
264,20210531,13:30:00,建材營造,皇普,2528,22.3000,24.5000,20.1000,22.3000,22.1500,22.3000,2528
265,20210531,13:30:00,建材營造,華建,2530,13.9500,15.2500,12.5500,14.0000,13.8500,13.9000,2530
266,20210531,13:30:00,建材營造,宏盛,2534,19.8500,21.7000,17.8000,19.8500,19.7000,19.7500,2534
267,20210531,13:30:00,建材營造,達欣工,2535,33.3000,36.6000,30.0000,33.5000,33.1500,33.3000,2535
268,20210531,13:30:00,建材營造,宏普,2536,21.6000,23.7000,19.4000,21.7000,21.5500,21.7000,2536
269,20210531,13:30:00,建材營造,聯上發,2537,9.1600,10.0500,8.2500,9.1900,9.0700,9.1300,2537
270,20210531,13:30:00,建材營造,基泰,2538,10.0500,10.9500,9.0000,10.2000,9.9800,10.0000,2538
271,20210531,13:30:00,建材營造,櫻花建,2539,31.6500,34.7500,28.4500,31.6500,31.3500,31.5000,2539
272,20210531,13:30:00,建材營造,愛山林,2540,75.2000,82.7000,67.7000,75.5000,74.5000,74.5000,2540
273,20210531,13:30:00,建材營造,興富發,2542,42.5500,46.9000,38.4000,42.7500,42.0500,42.1000,2542
274,20210531,13:30:00,建材營造,皇昌,2543,7.7700,8.2700,6.7700,7.7700,7.5300,7.7000,2543
275,20210531,13:30:00,建材營造,皇翔,2545,41.0000,44.6500,36.5500,41.1500,40.8000,41.0000,2545
276,20210531,13:30:00,建材營造,根基,2546,47.7000,52.4000,42.9500,47.7000,47.3500,47.4000,2546
277,20210531,13:30:00,建材營造,日勝生,2547,11.3000,12.2500,10.0500,11.3000,11.0000,11.1000,2547
278,20210531,13:30:00,建材營造,華固,2548,94.2000,102.5000,84.0000,94.2000,93.3000,93.7000,2548
279,20210531,13:30:00,建材營造,潤弘,2597,143.0000,158.0000,130.0000,144.0000,142.0000,142.0000,2597
280,20210531,13:30:00,建材營造,台開,2841,7.2500,7.8800,6.4600,7.2500,7.0000,7.0100,2841
281,20210531,13:30:00,建材營造,鼎固-KY,2923,28.3000,31.1500,25.5500,28.8000,28.2500,-,2923
282,20210531,13:30:00,建材營造,夆典,3052,11.9000,13.0000,10.7000,12.0000,11.8500,11.9000,3052
283,20210531,13:30:00,建材營造,總太,3056,39.2500,43.1500,35.3500,39.3000,38.8000,38.9000,3056
284,20210531,13:30:00,建材營造,昇陽,3266,12.7000,13.9500,11.4500,12.7000,12.5000,12.6000,3266
285,20210531,13:30:00,建材營造,欣陸,3703,25.0000,27.4000,22.5000,25.2500,24.8000,24.9000,3703
286,20210531,13:30:00,建材營造,建國,5515,13.3000,14.5500,11.9500,13.3500,13.1500,13.2000,5515
287,20210531,13:30:00,建材營造,隆大,5519,22.2000,24.3000,19.9000,22.3000,22.0500,22.0500,5519
288,20210531,13:30:00,建材營造,工信,5521,10.1000,11.1000,9.0900,10.1000,9.9400,9.9800,5521
289,20210531,13:30:00,建材營造,遠雄,5522,54.9000,60.5000,49.5000,55.4000,54.8000,54.9000,5522
290,20210531,13:30:00,建材營造,順天,5525,24.6500,27.1000,22.2000,24.6500,24.2000,24.6500,5525
291,20210531,13:30:00,建材營造,鄉林,5531,12.4000,13.4000,11.0000,12.4500,12.0000,12.0500,5531
292,20210531,13:30:00,建材營造,皇鼎,5533,16.0500,17.7500,14.5500,16.2000,16.0500,16.1000,5533
293,20210531,13:30:00,建材營造,長虹,5534,78.9000,86.9000,71.1000,79.4000,78.8000,78.8000,5534
294,20210531,13:30:00,建材營造,永固-KY,5546,80.3000,88.3000,72.3000,80.4000,79.1000,80.2000,5546
295,20210531,13:30:00,建材營造,達麗,6177,29.7000,32.8000,26.9000,29.9000,29.4500,29.4500,6177
296,20210531,13:30:00,建材營造,欣巴巴,9906,43.0000,47.3000,38.7000,43.7000,42.6000,43.4000,9906
297,20210531,13:30:00,建材營造,三發地產,9946,15.1000,16.6000,13.6000,15.1000,14.8000,14.8500,9946
298,20210531,13:30:00,航運業,台船,2208,22.6500,24.9000,20.4000,23.0000,22.0000,22.0500,2208
299,20210531,13:30:00,航運業,長榮,2603,99.5000,106.0000,86.8000,105.5000,96.6000,98.6000,2603
300,20210531,13:30:00,航運業,新興,2605,26.8500,29.1500,23.8500,27.4000,25.8500,26.2000,2605
301,20210531,13:30:00,航運業,裕民,2606,61.1000,66.4000,54.4000,63.5000,59.1000,59.8000,2606
302,20210531,13:30:00,航運業,榮運,2607,22.9000,24.9000,20.4000,23.3500,22.1000,22.1000,2607
303,20210531,13:30:00,航運業,嘉里大榮,2608,62.8000,67.9000,55.7000,67.9000,62.5000,67.9000,2608
304,20210531,13:30:00,航運業,陽明,2609,110.5000,118.5000,97.2000,115.0000,102.0000,102.5000,2609
305,20210531,13:30:00,航運業,華航,2610,18.3500,19.9000,16.3000,18.3500,17.5000,17.5500,2610
306,20210531,13:30:00,航運業,志信,2611,18.0500,19.8500,16.2500,18.4500,17.3000,17.4000,2611
307,20210531,13:30:00,航運業,中航,2612,44.7000,49.8000,40.8000,46.2500,44.0000,44.8500,2612
308,20210531,13:30:00,航運業,中櫃,2613,27.8000,30.5000,25.0000,28.5000,26.6500,26.7000,2613
309,20210531,13:30:00,航運業,萬海,2615,161.0000,169.5000,139.5000,161.0000,142.0000,145.0000,2615
310,20210531,13:30:00,航運業,台航,2617,38.8000,42.2000,34.6000,39.8500,37.5000,38.2000,2617
311,20210531,13:30:00,航運業,長榮航,2618,17.5500,19.1000,15.7000,17.8500,17.0000,17.0000,2618
312,20210531,13:30:00,航運業,亞航,2630,17.8000,19.4500,15.9500,17.8000,17.2500,17.3000,2630
313,20210531,13:30:00,航運業,台灣高鐵,2633,28.9000,31.7500,26.0500,29.4500,28.8000,29.4500,2633
314,20210531,13:30:00,航運業,漢翔,2634,27.6500,30.4000,24.9000,28.1000,27.6500,27.8500,2634
315,20210531,13:30:00,航運業,台驊投控,2636,103.0000,103.0000,84.4000,103.0000,99.3000,103.0000,2636
316,20210531,13:30:00,航運業,慧洋-KY,2637,69.5000,75.4000,61.8000,71.7000,67.0000,67.4000,2637
317,20210531,13:30:00,航運業,宅配通,2642,85.5000,85.5000,70.1000,85.5000,85.5000,85.5000,2642
318,20210531,13:30:00,航運業,遠雄港,5607,32.5000,35.6500,29.2500,33.4000,32.0000,32.0500,5607
319,20210531,13:30:00,航運業,四維航,5608,37.2000,39.8500,32.6500,38.4000,34.9500,35.2000,5608
320,20210531,13:30:00,航運業,建新國際,8367,36.3500,39.7000,32.5000,37.5000,35.3000,35.6000,8367
321,20210531,13:30:00,觀光事業,萬企,2701,11.8000,12.9500,10.6500,11.9000,11.7500,11.9000,2701
322,20210531,13:30:00,觀光事業,華園,2702,18.7500,20.5500,16.8500,18.7500,18.4500,18.6000,2702
323,20210531,13:30:00,觀光事業,國賓,2704,28.2500,30.8000,25.2000,28.2500,27.9000,28.0000,2704
324,20210531,13:30:00,觀光事業,六福,2705,16.7000,18.3500,15.0500,17.1000,16.7000,16.9500,2705
325,20210531,13:30:00,觀光事業,第一店,2706,13.8500,15.2000,12.5000,13.8500,13.7500,13.8000,2706
326,20210531,13:30:00,觀光事業,晶華,2707,140.5000,153.0000,126.0000,142.0000,138.0000,140.0000,2707
327,20210531,13:30:00,觀光事業,遠雄來,2712,33.9000,37.4000,30.6000,33.9000,33.9000,-,2712
328,20210531,13:30:00,觀光事業,夏都,2722,29.0000,31.9000,26.1000,29.5000,28.4500,29.4500,2722
329,20210531,13:30:00,觀光事業,美食-KY,2723,166.0000,182.0000,149.0000,168.5000,159.0000,167.0000,2723
330,20210531,13:30:00,觀光事業,王品,2727,134.0000,145.5000,119.5000,145.5000,131.5000,142.5000,2727
331,20210531,13:30:00,觀光事業,雄獅,2731,84.0000,92.0000,75.4000,84.0000,82.2000,83.1000,2731
332,20210531,13:30:00,觀光事業,寒舍,2739,23.4000,25.5500,20.9500,23.5000,22.7500,22.9000,2739
333,20210531,13:30:00,觀光事業,雲品,2748,39.8000,44.0000,36.0000,39.9000,39.6000,39.7000,2748
334,20210531,13:30:00,觀光事業,鳳凰,5706,37.8000,42.4500,34.7500,38.6000,37.2500,37.5000,5706
335,20210531,13:30:00,觀光事業,柏文,8462,143.0000,155.5000,127.5000,149.0000,140.5000,148.5000,8462
336,20210531,13:30:00,觀光事業,新天地,8940,11.2000,12.3000,10.1000,11.2000,11.0500,11.1000,8940
337,20210531,13:30:00,觀光事業,好樂迪,9943,62.3000,68.3000,55.9000,62.4000,62.0000,62.0000,9943
338,20210531,13:30:00,金融保險,彰銀,2801,16.9000,18.5500,15.2500,16.9500,16.8000,16.8500,2801
339,20210531,13:30:00,金融保險,京城銀,2809,41.5500,45.4000,37.2000,41.7500,41.0000,41.1000,2809
340,20210531,13:30:00,金融保險,台中銀,2812,11.3500,12.4500,10.2500,11.4000,11.3000,11.3500,2812
341,20210531,13:30:00,金融保險,旺旺保,2816,20.4000,22.5500,18.4500,20.6000,20.3000,20.4000,2816
342,20210531,13:30:00,金融保險,華票,2820,16.0000,17.6000,14.4000,16.0500,15.9000,15.9000,2820
343,20210531,13:30:00,金融保險,中壽,2823,24.6500,27.1000,22.2000,24.9000,24.6000,24.7500,2823
344,20210531,13:30:00,金融保險,台產,2832,20.7000,22.7000,18.6000,20.9000,20.7000,20.8000,2832
345,20210531,13:30:00,金融保險,臺企銀,2834,9.5800,10.5000,8.6100,9.6500,9.5200,9.6100,2834
346,20210531,13:30:00,金融保險,高雄銀,2836,10.8500,12.0000,9.8600,11.0000,10.8000,10.9000,2836
347,20210531,13:30:00,金融保險,高雄銀甲特,2836A,22.9500,25.1500,20.6500,22.9500,22.9500,-,2836A
348,20210531,13:30:00,金融保險,聯邦銀,2838,11.6500,12.8500,10.5500,11.8500,11.6500,11.7000,2838
349,20210531,13:30:00,金融保險,聯邦銀甲特,2838A,52.8000,58.0000,47.5500,52.9000,52.7000,52.9000,2838A
350,20210531,13:30:00,金融保險,遠東銀,2845,10.5000,11.6000,9.5000,10.6000,10.4500,10.5000,2845
351,20210531,13:30:00,金融保險,安泰銀,2849,14.7000,16.1000,13.2000,14.7000,14.4500,14.4500,2849
352,20210531,13:30:00,金融保險,新產,2850,39.8000,43.7500,35.8500,39.9000,39.5000,39.9000,2850
353,20210531,13:30:00,金融保險,中再保,2851,25.5500,28.1000,23.0000,25.9000,25.5500,25.9000,2851
354,20210531,13:30:00,金融保險,第一保,2852,13.0000,14.3500,11.7500,13.1000,12.9500,13.0000,2852
355,20210531,13:30:00,金融保險,統一證,2855,28.9500,31.5000,25.8000,29.1500,28.4000,28.6000,2855
356,20210531,13:30:00,金融保險,三商壽,2867,9.4600,10.3000,8.4400,9.4900,9.3900,9.4000,2867
357,20210531,13:30:00,金融保險,華南金,2880,18.1500,19.9500,16.3500,18.2500,18.1500,18.2500,2880
358,20210531,13:30:00,金融保險,富邦金,2881,72.1000,79.2000,64.8000,72.6000,71.7000,72.3000,2881
359,20210531,13:30:00,金融保險,富邦特,2881A,62.5000,68.7000,56.3000,62.6000,62.4000,62.6000,2881A
360,20210531,13:30:00,金融保險,富邦金乙特,2881B,62.1000,68.3000,55.9000,62.2000,61.8000,62.1000,2881B
361,20210531,13:30:00,金融保險,國泰金,2882,55.5000,61.0000,49.9500,56.4000,55.3000,55.9000,2882
362,20210531,13:30:00,金融保險,國泰特,2882A,62.4000,68.6000,56.2000,62.4000,62.2000,62.4000,2882A
363,20210531,13:30:00,金融保險,國泰金乙特,2882B,61.9000,68.2000,55.8000,62.1000,61.8000,62.1000,2882B
364,20210531,13:30:00,金融保險,開發金,2883,12.2500,13.5000,11.1000,12.5000,12.2500,12.4500,2883
365,20210531,13:30:00,金融保險,玉山金,2884,25.4500,27.9000,22.9000,25.6500,25.4000,25.5500,2884
366,20210531,13:30:00,金融保險,元大金,2885,25.6500,28.1500,23.0500,25.8000,25.5000,25.6000,2885
367,20210531,13:30:00,金融保險,兆豐金,2886,33.1000,36.4000,29.8000,33.1000,32.9500,33.1000,2886
368,20210531,13:30:00,金融保險,台新金,2887,14.7500,16.1500,13.2500,14.8000,14.7000,14.8000,2887
369,20210531,13:30:00,金融保險,台新戊特,2887E,53.0000,58.3000,47.7000,53.0000,52.9000,53.0000,2887E
370,20210531,13:30:00,金融保險,台新戊特二,2887F,51.6000,56.8000,46.5500,51.6000,51.5000,51.5000,2887F
371,20210531,13:30:00,金融保險,新光金,2888,10.0500,10.9000,8.9400,10.1500,9.9600,10.0500,2888
372,20210531,13:30:00,金融保險,新光金甲特,2888A,42.4500,46.6000,38.2000,42.8000,42.4000,42.8000,2888A
373,20210531,13:30:00,金融保險,新光金乙特,2888B,40.9000,44.9500,36.8500,41.1500,40.8500,41.1500,2888B
374,20210531,13:30:00,金融保險,國票金,2889,17.1500,18.8000,15.4000,17.2000,17.0000,17.1000,2889
375,20210531,13:30:00,金融保險,永豐金,2890,13.4500,14.7500,12.1500,13.5500,13.4500,13.5500,2890
376,20210531,13:30:00,金融保險,中信金,2891,22.9500,25.3000,20.7000,23.2000,22.9000,23.0500,2891
377,20210531,13:30:00,金融保險,中信金乙特,2891B,63.2000,69.5000,56.9000,63.3000,63.1000,-,2891B
378,20210531,13:30:00,金融保險,中信金丙特,2891C,60.9000,67.2000,55.0000,61.1000,60.9000,-,2891C
379,20210531,13:30:00,金融保險,第一金,2892,21.9000,24.0000,19.7000,22.1000,21.8500,22.0000,2892
380,20210531,13:30:00,金融保險,王道銀行,2897,7.0800,7.7200,6.3200,7.0900,7.0200,7.0400,2897
381,20210531,13:30:00,金融保險,王道銀甲特,2897A,10.1500,11.1000,9.0900,10.2000,10.1500,10.1500,2897A
382,20210531,13:30:00,金融保險,上海商銀,5876,44.4000,49.7500,40.7500,45.5000,44.4000,45.4000,5876
383,20210531,13:30:00,金融保險,合庫金,5880,20.8500,22.9000,18.8000,21.0000,20.8000,20.9500,5880
384,20210531,13:30:00,金融保險,群益證,6005,17.8500,19.4000,15.9000,17.9500,17.4000,17.5000,6005
385,20210531,13:30:00,金融保險,群益期,6024,44.0000,48.0000,39.3000,44.0000,43.4500,43.7000,6024
386,20210531,13:30:00,貿易百貨,大魯閣,1432,14.0000,15.2500,12.5500,14.1500,13.8500,14.1000,1432
387,20210531,13:30:00,貿易百貨,益航,2601,13.2000,14.1500,11.6500,13.3000,12.5000,12.5500,2601
388,20210531,13:30:00,貿易百貨,東森,2614,17.6000,19.1000,15.7000,17.6500,17.3000,17.3500,2614
389,20210531,13:30:00,貿易百貨,欣欣,2901,28.1500,31.1000,25.5000,28.3000,28.0000,-,2901
390,20210531,13:30:00,貿易百貨,遠百,2903,22.3000,24.4500,20.0500,22.4500,22.3000,22.4000,2903
391,20210531,13:30:00,貿易百貨,三商,2905,21.9000,23.9000,19.6000,22.3000,21.8500,22.1000,2905
392,20210531,13:30:00,貿易百貨,高林,2906,15.6000,17.2000,14.1000,15.8500,15.5000,15.6500,2906
393,20210531,13:30:00,貿易百貨,特力,2908,27.0500,29.7500,24.3500,27.5000,27.0500,27.4500,2908
394,20210531,13:30:00,貿易百貨,統領,2910,32.0000,34.9000,28.6000,32.3500,31.7500,-,2910
395,20210531,13:30:00,貿易百貨,麗嬰房,2911,7.7000,8.4700,6.9300,7.7900,7.6000,7.6700,2911
396,20210531,13:30:00,貿易百貨,統一超,2912,263.5000,288.0000,236.0000,266.0000,263.0000,264.5000,2912
397,20210531,13:30:00,貿易百貨,農林,2913,19.2000,21.0000,17.2000,20.3000,19.1000,19.7500,2913
398,20210531,13:30:00,貿易百貨,潤泰全,2915,83.1000,91.0000,74.6000,83.7000,82.4000,82.9000,2915
399,20210531,13:30:00,貿易百貨,淘帝-KY,2929,15.1000,16.0500,13.1500,15.3000,14.4500,14.6500,2929
400,20210531,13:30:00,貿易百貨,客思達-KY,2936,22.8000,25.1000,20.6000,23.2000,22.4000,22.8500,2936
401,20210531,13:30:00,貿易百貨,凱羿-KY,2939,33.0000,35.9000,29.4000,33.4000,32.9000,33.4000,2939
402,20210531,13:30:00,貿易百貨,日成-KY,4807,24.0000,26.4500,21.6500,24.5000,23.7500,24.3000,4807
403,20210531,13:30:00,貿易百貨,台南-KY,5906,42.7500,46.7500,38.2500,42.8000,42.5000,-,5906
404,20210531,13:30:00,貿易百貨,大洋-KY,5907,19.5500,21.3500,17.5500,19.8500,19.1000,19.2500,5907
405,20210531,13:30:00,貿易百貨,金麗-KY,8429,12.8500,13.8500,11.3500,13.3000,12.2000,12.3500,8429
406,20210531,13:30:00,貿易百貨,阿瘦,8443,11.6000,12.6500,10.3500,11.6000,11.3000,11.4500,8443
407,20210531,13:30:00,貿易百貨,富邦媒,8454,1265.0000,1375.0000,1125.0000,1295.0000,1230.0000,1240.0000,8454
408,20210531,13:30:00,其他,八貫,1342,55.0000,60.2000,49.3500,55.3000,54.2000,54.4000,1342
409,20210531,13:30:00,其他,廣豐,1416,11.1000,12.2000,9.9900,11.2000,11.0500,11.1000,1416
410,20210531,13:30:00,其他,中福,1435,21.0500,23.3500,19.1500,21.4000,20.6000,21.4000,1435
411,20210531,13:30:00,其他,勤益控,1437,24.8500,27.2000,22.3000,25.1500,24.8000,25.0500,1437
412,20210531,13:30:00,其他,川飛,1516,21.2500,23.2000,19.0000,21.2500,20.7500,21.1500,1516
413,20210531,13:30:00,其他,橋椿,2062,27.9500,30.6000,25.1000,28.8500,27.9500,28.4500,2062
414,20210531,13:30:00,其他,海悅,2348,95.2000,104.5000,85.6000,95.3000,93.1000,93.3000,2348
415,20210531,13:30:00,其他,廷鑫,2358,14.9000,15.7500,12.9500,15.4000,14.7000,14.8000,2358
416,20210531,13:30:00,其他,億麗,2443,2.9500,3.2700,2.6900,2.9900,2.9200,2.9900,2443
417,20210531,13:30:00,其他,卓越,2496,59.0000,64.9000,53.1000,59.5000,58.7000,-,2496
418,20210531,13:30:00,其他,龍邦,2514,19.6500,20.6500,16.9500,20.2500,19.0000,19.0000,2514
419,20210531,13:30:00,其他,匯僑,2904,29.0000,31.7500,26.0500,29.2000,29.0000,29.1000,2904
420,20210531,13:30:00,其他,遠見,3040,50.7000,55.5000,45.4500,50.7000,49.4000,49.6000,3040
421,20210531,13:30:00,其他,嘉威,3557,83.3000,91.7000,75.1000,84.1000,81.7000,83.3000,3557
422,20210531,13:30:00,其他,拓凱,4536,164.0000,183.0000,150.0000,167.0000,164.0000,165.5000,4536
423,20210531,13:30:00,其他,jpp-KY,5284,43.6000,47.7500,39.1500,43.6000,42.7500,-,5284
424,20210531,13:30:00,其他,中租-KY,5871,209.5000,230.0000,189.0000,210.5000,205.5000,208.5000,5871
425,20210531,13:30:00,其他,中租-KY甲特,5871A,99.1000,108.5000,89.1000,99.2000,99.0000,-,5871A
426,20210531,13:30:00,其他,大豐電,6184,45.1500,49.6500,40.6500,45.2000,44.9500,44.9500,6184
427,20210531,13:30:00,其他,台數科,6464,108.5000,119.5000,98.1000,109.0000,108.5000,109.0000,6464
428,20210531,13:30:00,其他,南六,6504,164.5000,180.5000,148.5000,165.5000,163.0000,164.5000,6504
429,20210531,13:30:00,其他,鋼聯,6581,70.1000,77.0000,63.0000,72.5000,70.1000,-,6581
430,20210531,13:30:00,其他,和潤企業,6592,82.5000,90.5000,74.1000,84.0000,82.5000,83.2000,6592
431,20210531,13:30:00,其他,必應,6625,27.8500,30.6000,25.1000,28.0000,27.8000,-,6625
432,20210531,13:30:00,其他,基士德-KY,6641,68.4000,75.2000,61.6000,68.6000,68.0000,68.1000,6641
433,20210531,13:30:00,其他,科定,6655,72.0000,78.6000,64.4000,72.2000,71.7000,71.7000,6655
434,20210531,13:30:00,其他,復盛應用,6670,219.5000,243.0000,199.0000,223.0000,219.5000,219.5000,6670
435,20210531,13:30:00,其他,三能-KY,6671,47.5000,52.2000,42.7500,48.1000,47.0000,-,6671
436,20210531,13:30:00,其他,匯僑設計,6754,44.9500,49.3500,40.4500,45.2000,44.7500,45.0000,6754
437,20210531,13:30:00,其他,志強-KY,6768,74.8000,82.0000,67.2000,76.5000,74.3000,75.1000,6768
438,20210531,13:30:00,其他,雷虎,8033,17.1500,17.9500,14.7500,17.4500,16.5000,16.7000,8033
439,20210531,13:30:00,其他,日友,8341,213.0000,234.0000,192.0000,214.5000,212.0000,213.5000,8341
440,20210531,13:30:00,其他,百和興業-KY,8404,47.0500,51.5000,42.2500,47.4500,46.3000,46.3000,8404
441,20210531,13:30:00,其他,福貞-KY,8411,13.8000,15.3000,12.6000,14.0500,13.8000,14.0500,8411
442,20210531,13:30:00,其他,可寧衛,8422,170.5000,187.0000,153.0000,172.5000,170.0000,172.0000,8422
443,20210531,13:30:00,其他,基勝-KY,8427,51.9000,55.4000,45.4000,52.6000,50.4000,-,8427
444,20210531,13:30:00,其他,威宏-KY,8442,39.3500,43.3000,35.5000,39.5000,38.6000,39.1500,8442
445,20210531,13:30:00,其他,潤泰材,8463,36.3500,39.9500,32.7500,36.5500,36.1000,36.4000,8463
446,20210531,13:30:00,其他,億豐,8464,405.0000,448.5000,367.5000,411.5000,400.0000,407.5000,8464
447,20210531,13:30:00,其他,美吉吉-KY,8466,57.8000,61.0000,49.9500,59.0000,56.6000,57.1000,8466
448,20210531,13:30:00,其他,波力-KY,8467,40.0000,44.3000,36.3000,41.3000,40.0000,-,8467
449,20210531,13:30:00,其他,山林水,8473,43.0000,46.9000,38.4000,43.0000,41.6000,41.6000,8473
450,20210531,13:30:00,其他,東哥遊艇,8478,52.3000,56.8000,46.5500,54.8000,52.3000,54.3000,8478
451,20210531,13:30:00,其他,泰昇-KY,8480,110.5000,123.0000,101.0000,110.5000,109.5000,109.5000,8480
452,20210531,13:30:00,其他,政伸,8481,82.6000,88.9000,72.9000,82.6000,81.4000,-,8481
453,20210531,13:30:00,其他,商億-KY,8482,75.4000,82.9000,67.9000,75.4000,75.4000,-,8482
454,20210531,13:30:00,其他,吉源-KY,8488,-,16.7000,13.7000,-,-,-,8488
455,20210531,13:30:00,其他,鼎炫-KY,8499,133.0000,146.0000,120.0000,135.5000,133.0000,134.5000,8499
456,20210531,13:30:00,其他,鈺齊-KY,9802,124.5000,135.5000,111.5000,124.5000,121.5000,122.0000,9802
457,20210531,13:30:00,其他,台火,9902,13.2000,14.4000,11.8000,13.7000,13.1500,13.2500,9902
458,20210531,13:30:00,其他,寶成,9904,38.3500,42.0500,34.4500,38.6000,36.7500,37.6500,9904
459,20210531,13:30:00,其他,大華,9905,25.9500,28.5000,23.4000,26.1000,25.9000,26.1000,9905
460,20210531,13:30:00,其他,統一實,9907,13.5000,14.7500,12.1500,13.5500,13.0000,13.1500,9907
461,20210531,13:30:00,其他,豐泰,9910,247.0000,269.5000,220.5000,248.0000,235.0000,241.0000,9910
462,20210531,13:30:00,其他,櫻花,9911,65.4000,71.9000,58.9000,67.8000,65.4000,67.8000,9911
463,20210531,13:30:00,其他,美利達,9914,320.0000,353.0000,289.0000,326.0000,312.5000,322.5000,9914
464,20210531,13:30:00,其他,中保科,9917,91.4000,100.0000,82.2000,92.0000,91.3000,91.8000,9917
465,20210531,13:30:00,其他,康那香,9919,36.0500,39.9000,32.7000,36.2500,35.0000,35.7000,9919
466,20210531,13:30:00,其他,巨大,9921,332.0000,366.0000,300.0000,336.5000,325.0000,331.0000,9921
467,20210531,13:30:00,其他,福興,9924,44.6500,49.0500,40.1500,44.8500,44.6500,44.8000,9924
468,20210531,13:30:00,其他,新保,9925,38.2000,42.0000,34.4000,38.5500,38.1000,38.1500,9925
469,20210531,13:30:00,其他,泰銘,9927,31.0500,33.9500,27.8500,31.7000,31.0500,31.7000,9927
470,20210531,13:30:00,其他,中視,9928,-,6.3900,5.2300,-,-,-,9928
471,20210531,13:30:00,其他,秋雨,9929,11.9000,13.0500,10.7500,11.9500,11.8000,-,9929
472,20210531,13:30:00,其他,中聯資源,9930,46.4000,51.0000,41.8000,46.8000,46.3500,-,9930
473,20210531,13:30:00,其他,中鼎,9933,37.8000,41.5500,34.0500,38.1000,37.7000,37.8000,9933
474,20210531,13:30:00,其他,成霖,9934,16.6500,18.3000,15.0000,16.8500,16.6500,16.7500,9934
475,20210531,13:30:00,其他,慶豐富,9935,22.6500,24.6000,20.2000,22.7000,22.0000,22.1000,9935
476,20210531,13:30:00,其他,百和,9938,94.3000,103.5000,84.9000,96.3000,94.1000,95.5000,9938
477,20210531,13:30:00,其他,宏全,9939,70.6000,77.5000,63.5000,71.1000,70.5000,70.7000,9939
478,20210531,13:30:00,其他,信義,9940,30.5500,33.5500,27.4500,31.3500,30.5000,31.0000,9940
479,20210531,13:30:00,其他,裕融,9941,137.0000,150.0000,123.0000,137.5000,135.0000,135.5000,9941
480,20210531,13:30:00,其他,裕融甲特,9941A,50.9000,55.8000,45.7500,51.0000,50.9000,50.9000,9941A
481,20210531,13:30:00,其他,茂順,9942,90.4000,99.3000,81.3000,90.4000,89.1000,89.7000,9942
482,20210531,13:30:00,其他,新麗,9944,21.9500,24.1000,19.8000,22.0000,21.5500,21.8500,9944
483,20210531,13:30:00,其他,潤泰新,9945,52.8000,57.6000,47.2000,52.8000,52.1000,52.5000,9945
484,20210531,13:30:00,其他,佳龍,9955,20.7000,22.4500,18.4500,21.3000,19.8500,19.8500,9955
485,20210531,13:30:00,化學工業,東鹼,1708,27.3500,29.8000,24.4000,28.2000,27.3500,27.5000,1708
486,20210531,13:30:00,化學工業,和益,1709,18.1000,19.5500,16.0500,19.1000,18.0000,18.9000,1709
487,20210531,13:30:00,化學工業,東聯,1710,21.5500,23.5000,19.3000,22.1500,21.5500,21.7000,1710
488,20210531,13:30:00,化學工業,永光,1711,19.4000,21.1000,17.3000,19.5000,18.9500,19.0000,1711
489,20210531,13:30:00,化學工業,興農,1712,21.6500,23.7500,19.4500,21.7500,21.6000,21.7000,1712
490,20210531,13:30:00,化學工業,國化,1713,22.7000,24.5500,20.1500,23.0000,22.1500,-,1713
491,20210531,13:30:00,化學工業,和桐,1714,11.2000,12.3000,10.1000,11.3000,11.1000,11.2500,1714
492,20210531,13:30:00,化學工業,長興,1717,41.0000,44.2000,36.2000,41.2000,40.3000,40.5000,1717
493,20210531,13:30:00,化學工業,中纖,1718,10.2000,11.1500,9.1400,10.3500,10.1000,10.1500,1718
494,20210531,13:30:00,化學工業,三晃,1721,9.7000,10.6500,8.7300,9.8800,9.7000,9.7900,1721
495,20210531,13:30:00,化學工業,台肥,1722,55.8000,61.2000,50.2000,56.3000,55.2000,55.4000,1722
496,20210531,13:30:00,化學工業,中碳,1723,108.0000,119.0000,97.7000,109.0000,107.5000,107.5000,1723
497,20210531,13:30:00,化學工業,台硝,1724,15.8000,17.3500,14.2500,15.8500,15.8000,15.8000,1724
498,20210531,13:30:00,化學工業,元禎,1725,18.8500,20.7500,17.0500,19.1500,18.7500,18.8500,1725
499,20210531,13:30:00,化學工業,永記,1726,74.4000,81.9000,67.1000,74.4000,74.4000,-,1726
500,20210531,13:30:00,化學工業,中華化,1727,12.9000,14.0000,11.5000,12.9000,12.6000,12.7000,1727
501,20210531,13:30:00,化學工業,花仙子,1730,69.3000,76.2000,62.4000,69.7000,69.2000,69.4000,1730
502,20210531,13:30:00,化學工業,毛寶,1732,39.1000,43.0000,35.2000,39.1000,35.6500,36.2000,1732
503,20210531,13:30:00,化學工業,日勝化,1735,18.1000,19.9000,16.3000,18.3000,18.0000,-,1735
504,20210531,13:30:00,化學工業,勝一,1773,112.0000,123.0000,101.0000,113.5000,111.5000,113.0000,1773
505,20210531,13:30:00,化學工業,展宇,1776,17.2500,18.9000,15.5000,17.2500,17.2000,-,1776
506,20210531,13:30:00,化學工業,上緯投控,3708,119.5000,129.5000,106.5000,121.0000,114.0000,117.5000,3708
507,20210531,13:30:00,化學工業,德淵,4720,15.0500,16.3500,13.4500,15.3000,14.9500,15.1000,4720
508,20210531,13:30:00,化學工業,國精化,4722,33.8000,37.1000,30.4000,33.8000,33.5500,33.7500,4722
509,20210531,13:30:00,化學工業,康普,4739,73.4000,80.3000,65.7000,77.8000,73.4000,76.7000,4739
510,20210531,13:30:00,化學工業,三福化,4755,63.0000,69.1000,56.7000,63.5000,62.7000,63.3000,4755
511,20210531,13:30:00,化學工業,材料-KY,4763,107.0000,117.0000,95.9000,107.0000,105.5000,106.0000,4763
512,20210531,13:30:00,化學工業,雙鍵,4764,57.9000,63.5000,52.1000,57.9000,56.2000,57.4000,4764
513,20210531,13:30:00,化學工業,南寶,4766,149.5000,165.0000,135.0000,150.5000,149.5000,150.5000,4766
514,20210531,13:30:00,生技醫療業,岱宇,1598,91.0000,99.6000,81.6000,92.1000,90.7000,91.3000,1598
515,20210531,13:30:00,生技醫療業,中化,1701,23.3000,25.5500,20.9500,23.4000,23.1000,23.1500,1701
516,20210531,13:30:00,生技醫療業,葡萄王,1707,165.5000,181.5000,148.5000,167.0000,165.0000,166.5000,1707
517,20210531,13:30:00,生技醫療業,生達,1720,38.8000,42.4000,34.7000,38.8000,38.2000,38.4500,1720
518,20210531,13:30:00,生技醫療業,美吾華,1731,20.5000,22.6000,18.5000,20.5500,20.0500,20.5000,1731
519,20210531,13:30:00,生技醫療業,五鼎,1733,24.3500,26.5500,21.7500,24.3500,23.8000,23.9000,1733
520,20210531,13:30:00,生技醫療業,杏輝,1734,31.3000,34.2000,28.0000,31.3000,30.2500,30.4500,1734
521,20210531,13:30:00,生技醫療業,喬山,1736,80.6000,87.6000,71.8000,80.6000,78.6000,79.0000,1736
522,20210531,13:30:00,生技醫療業,寶齡富錦,1760,107.5000,117.0000,95.9000,107.5000,95.9000,96.8000,1760
523,20210531,13:30:00,生技醫療業,中化生,1762,64.1000,70.4000,57.6000,64.2000,61.5000,62.9000,1762
524,20210531,13:30:00,生技醫療業,和康生,1783,35.0500,38.5500,31.5500,36.5500,34.2000,36.5000,1783
525,20210531,13:30:00,生技醫療業,科妍,1786,51.2000,57.0000,46.7500,51.9000,51.0000,51.9000,1786
526,20210531,13:30:00,生技醫療業,神隆,1789,29.6000,31.3500,25.6500,29.6500,27.2500,27.6000,1789
527,20210531,13:30:00,生技醫療業,美時,1795,95.2000,104.0000,85.5000,95.2000,90.4000,93.0000,1795
528,20210531,13:30:00,生技醫療業,景岳,3164,25.2500,27.8500,22.8500,25.3500,24.6000,24.8000,3164
529,20210531,13:30:00,生技醫療業,永信,3705,43.4000,47.5500,38.9500,43.8500,43.2000,43.3000,3705
530,20210531,13:30:00,生技醫療業,佳醫,4104,58.2000,63.5000,52.1000,58.3000,57.5000,57.6000,4104
531,20210531,13:30:00,生技醫療業,雃博,4106,52.7000,52.7000,43.2000,52.7000,52.7000,52.7000,4106
532,20210531,13:30:00,生技醫療業,懷特,4108,26.0000,28.4000,23.3000,26.1500,25.2500,25.3000,4108
533,20210531,13:30:00,生技醫療業,旭富,4119,85.7000,93.7000,76.7000,85.9000,85.1000,85.4000,4119
534,20210531,13:30:00,生技醫療業,亞諾法,4133,71.5000,78.4000,64.2000,71.7000,64.2000,64.2000,4133
535,20210531,13:30:00,生技醫療業,麗豐-KY,4137,213.0000,235.0000,193.0000,213.0000,209.0000,210.0000,4137
536,20210531,13:30:00,生技醫療業,龍燈-KY,4141,12.0500,13.2000,10.8000,12.1500,11.6500,11.7000,4141
537,20210531,13:30:00,生技醫療業,國光生,4142,54.7000,60.1000,49.2500,54.8000,51.4000,52.3000,4142
538,20210531,13:30:00,生技醫療業,全宇生技-KY,4148,34.5000,37.4000,30.6000,34.5000,34.0000,-,4148
539,20210531,13:30:00,生技醫療業,訊映,4155,24.9000,27.3500,22.4500,25.2000,24.9000,24.9500,4155
540,20210531,13:30:00,生技醫療業,承業醫,4164,36.4000,39.9500,32.7500,36.4500,36.0500,36.1500,4164
541,20210531,13:30:00,生技醫療業,佐登-KY,4190,76.6000,84.1000,68.9000,78.0000,76.2000,78.0000,4190
542,20210531,13:30:00,生技醫療業,華廣,4737,73.6000,80.8000,66.2000,73.7000,72.0000,72.2000,4737
543,20210531,13:30:00,生技醫療業,台耀,4746,98.7000,108.0000,88.5000,98.7000,88.5000,93.5000,4746
544,20210531,13:30:00,生技醫療業,晶碩,6491,509.0000,556.0000,455.5000,516.0000,500.0000,515.0000,6491
545,20210531,13:30:00,生技醫療業,泰福-KY,6541,62.5000,69.3000,56.7000,62.5000,58.4000,58.9000,6541
546,20210531,13:30:00,生技醫療業,ABC-KY,6598,50.6000,54.3000,44.5000,50.6000,46.2500,46.3000,6598
547,20210531,13:30:00,生技醫療業,羅麗芬-KY,6666,78.9000,85.8000,70.2000,78.9000,78.0000,-,6666
548,20210531,13:30:00,油電燃氣業,山隆,2616,35.9500,39.4000,32.3000,36.1500,35.9000,36.1000,2616
549,20210531,13:30:00,油電燃氣業,台塑化,6505,98.1000,108.5000,89.0000,100.5000,98.1000,100.0000,6505
550,20210531,13:30:00,油電燃氣業,台汽電,8926,38.6000,42.3500,34.6500,39.1500,38.6000,39.0000,8926
551,20210531,13:30:00,油電燃氣業,大台北,9908,33.6000,36.9500,30.2500,33.8500,33.5000,-,9908
552,20210531,13:30:00,油電燃氣業,欣天然,9918,39.8500,43.8000,35.9000,40.0000,39.8500,-,9918
553,20210531,13:30:00,油電燃氣業,新海,9926,48.6000,52.8000,43.2500,48.6000,48.3000,48.3000,9926
554,20210531,13:30:00,油電燃氣業,欣高,9931,40.6000,44.8000,36.7000,41.1500,40.5500,-,9931
555,20210531,13:30:00,油電燃氣業,全國,9937,47.0000,51.8000,42.4500,47.0000,46.9500,-,9937
556,20210531,13:30:00,半導體業,麗正,2302,17.3000,19.2500,15.7500,18.3500,17.3000,18.1000,2302
557,20210531,13:30:00,半導體業,聯電,2303,52.9000,57.6000,47.2000,53.5000,51.9000,53.0000,2303
558,20210531,13:30:00,半導體業,華泰,2329,17.9000,19.6500,16.1500,18.2500,17.7000,18.1000,2329
559,20210531,13:30:00,半導體業,台積電,2330,595.0000,649.0000,531.0000,597.0000,590.0000,597.0000,2330
560,20210531,13:30:00,半導體業,旺宏,2337,42.9500,46.7500,38.2500,43.0500,42.0500,42.2000,2337
561,20210531,13:30:00,半導體業,光罩,2338,85.9000,93.5000,76.5000,86.0000,83.3000,84.5000,2338
562,20210531,13:30:00,半導體業,茂矽,2342,31.9500,35.0000,28.7000,33.4000,31.8500,32.9000,2342
563,20210531,13:30:00,半導體業,華邦電,2344,34.2500,37.2000,30.5000,34.8500,33.4000,34.1500,2344
564,20210531,13:30:00,半導體業,順德,2351,97.2000,103.5000,84.8000,101.0000,94.3000,97.1000,2351
565,20210531,13:30:00,半導體業,矽統,2363,21.4000,23.2500,19.0500,21.7500,21.0500,21.2000,2363
566,20210531,13:30:00,半導體業,菱生,2369,17.6500,19.2500,15.7500,17.8000,17.3000,17.4000,2369
567,20210531,13:30:00,半導體業,瑞昱,2379,499.0000,546.0000,447.5000,504.0000,490.0000,499.0000,2379
568,20210531,13:30:00,半導體業,威盛,2388,48.8000,53.1000,43.5000,51.0000,48.7500,49.4000,2388
569,20210531,13:30:00,半導體業,凌陽,2401,29.7000,32.4500,26.5500,30.3000,29.1500,29.8500,2401
570,20210531,13:30:00,半導體業,南亞科,2408,81.4000,88.6000,72.6000,82.4000,80.9000,81.9000,2408
571,20210531,13:30:00,半導體業,統懋,2434,37.4000,40.7000,33.3000,37.5000,36.8500,36.8500,2434
572,20210531,13:30:00,半導體業,偉詮電,2436,71.1000,76.1000,62.3000,74.6000,71.0000,71.7000,2436
573,20210531,13:30:00,半導體業,超豐,2441,71.5000,77.8000,63.8000,72.7000,71.2000,72.1000,2441
574,20210531,13:30:00,半導體業,京元電子,2449,43.2000,47.0000,38.5000,43.4500,42.7000,43.2000,2449
575,20210531,13:30:00,半導體業,創見,2451,71.2000,78.3000,64.1000,71.8000,70.3000,70.9000,2451
576,20210531,13:30:00,半導體業,聯發科,2454,971.0000,1055.0000,865.0000,1010.0000,959.0000,995.0000,2454
577,20210531,13:30:00,半導體業,義隆,2458,209.0000,230.0000,189.0000,212.5000,207.5000,211.0000,2458
578,20210531,13:30:00,半導體業,強茂,2481,50.6000,55.6000,45.5500,51.7000,50.0000,51.2000,2481
579,20210531,13:30:00,半導體業,晶豪科,3006,137.0000,148.5000,121.5000,138.5000,133.5000,134.0000,3006
580,20210531,13:30:00,半導體業,聯陽,3014,121.0000,134.5000,110.5000,122.5000,119.0000,119.5000,3014
581,20210531,13:30:00,半導體業,嘉晶,3016,67.8000,73.5000,60.3000,68.3000,66.7000,66.9000,3016
582,20210531,13:30:00,半導體業,聯詠,3034,512.0000,555.0000,454.5000,536.0000,507.0000,534.0000,3034
583,20210531,13:30:00,半導體業,智原,3035,67.1000,74.2000,60.8000,69.4000,66.7000,68.4000,3035
584,20210531,13:30:00,半導體業,揚智,3041,26.2500,28.6500,23.4500,27.0000,26.1000,26.5000,3041
585,20210531,13:30:00,半導體業,立萬利,3054,23.4000,25.1000,20.6000,23.6000,22.4000,23.5000,3054
586,20210531,13:30:00,半導體業,聯傑,3094,34.1500,37.3000,30.6000,34.6000,33.6000,34.3000,3094
587,20210531,13:30:00,半導體業,景碩,3189,106.0000,114.5000,94.1000,111.5000,105.5000,109.5000,3189
588,20210531,13:30:00,半導體業,虹冠電,3257,74.5000,81.9000,67.1000,75.3000,74.0000,74.8000,3257
589,20210531,13:30:00,半導體業,京鼎,3413,231.0000,251.5000,206.5000,237.0000,228.0000,234.0000,3413
590,20210531,13:30:00,半導體業,創意,3443,367.0000,392.5000,321.5000,367.0000,358.0000,360.0000,3443
591,20210531,13:30:00,半導體業,晶相光,3530,123.5000,129.5000,106.5000,127.0000,118.0000,119.5000,3530
592,20210531,13:30:00,半導體業,台勝科,3532,168.5000,184.0000,151.0000,169.5000,164.5000,168.5000,3532
593,20210531,13:30:00,半導體業,誠創,3536,7.2100,7.9300,6.4900,7.2100,7.0200,7.0500,3536
594,20210531,13:30:00,半導體業,敦泰,3545,203.5000,219.0000,180.0000,216.5000,199.5000,211.5000,3545
595,20210531,13:30:00,半導體業,辛耘,3583,61.0000,66.9000,54.9000,61.6000,60.9000,61.2000,3583
596,20210531,13:30:00,半導體業,通嘉,3588,73.4000,80.3000,65.7000,80.3000,71.6000,80.3000,3588
597,20210531,13:30:00,半導體業,世芯-KY,3661,540.0000,583.0000,477.0000,583.0000,533.0000,583.0000,3661
598,20210531,13:30:00,半導體業,達能,3686,15.6500,17.2000,14.1000,16.0000,15.6000,15.7500,3686
599,20210531,13:30:00,半導體業,日月光投控,3711,110.5000,121.5000,99.5000,112.0000,109.5000,111.5000,3711
600,20210531,13:30:00,半導體業,新唐,4919,82.3000,87.1000,71.3000,86.6000,80.2000,81.9000,4919
601,20210531,13:30:00,半導體業,凌通,4952,51.5000,56.2000,46.0000,52.6000,51.2000,52.0000,4952
602,20210531,13:30:00,半導體業,天鈺,4961,338.0000,363.0000,297.0000,346.5000,333.5000,334.0000,4961
603,20210531,13:30:00,半導體業,十銓,4967,58.8000,64.5000,52.9000,59.5000,57.5000,58.3000,4967
604,20210531,13:30:00,半導體業,立積,4968,512.0000,557.0000,456.5000,526.0000,503.0000,518.0000,4968
605,20210531,13:30:00,半導體業,祥碩,5269,1470.0000,1580.0000,1300.0000,1530.0000,1465.0000,1510.0000,5269
606,20210531,13:30:00,半導體業,界霖,5285,76.2000,82.7000,67.7000,77.4000,74.5000,75.1000,5285
607,20210531,13:30:00,半導體業,松翰,5471,94.2000,103.5000,84.7000,94.7000,93.2000,94.3000,5471
608,20210531,13:30:00,半導體業,盛群,6202,95.0000,104.0000,85.2000,95.7000,94.0000,94.4000,6202
609,20210531,13:30:00,半導體業,力成,6239,106.0000,116.5000,95.4000,107.0000,105.0000,107.0000,6239
610,20210531,13:30:00,半導體業,迅杰,6243,16.6000,18.3000,15.0000,17.0000,16.5500,16.8000,6243
611,20210531,13:30:00,半導體業,矽格,6257,50.4000,55.2000,45.2000,50.8000,50.0000,50.3000,6257
612,20210531,13:30:00,半導體業,同欣電,6271,184.5000,201.0000,165.0000,187.0000,181.5000,183.0000,6271
613,20210531,13:30:00,半導體業,矽力-KY,6415,3590.0000,3840.0000,3150.0000,3785.0000,3505.0000,3680.0000,6415
614,20210531,13:30:00,半導體業,訊芯-KY,6451,112.0000,121.5000,99.5000,112.0000,109.0000,110.0000,6451
615,20210531,13:30:00,半導體業,穎崴,6515,268.0000,292.5000,239.5000,268.0000,260.5000,264.0000,6515
616,20210531,13:30:00,半導體業,捷敏-KY,6525,76.9000,84.2000,69.0000,77.8000,76.8000,77.2000,6525
617,20210531,13:30:00,半導體業,愛普,6531,705.0000,764.0000,626.0000,747.0000,696.0000,716.0000,6531
618,20210531,13:30:00,半導體業,晶心科,6533,443.0000,481.5000,394.5000,466.0000,438.5000,456.0000,6533
619,20210531,13:30:00,半導體業,易華電,6552,53.5000,57.0000,46.7500,53.5000,52.0000,52.7000,6552
620,20210531,13:30:00,半導體業,虹揚-KY,6573,16.6000,18.2000,14.9000,17.0000,16.6000,16.7000,6573
621,20210531,13:30:00,半導體業,威鋒電子,6756,250.5000,274.0000,225.0000,255.0000,249.5000,251.5000,6756
622,20210531,13:30:00,半導體業,矽創,8016,273.0000,292.5000,239.5000,292.0000,270.5000,288.5000,8016
623,20210531,13:30:00,半導體業,昇陽半導體,8028,46.3000,50.6000,41.4500,47.0000,45.6500,46.5000,8028
624,20210531,13:30:00,半導體業,致新,8081,220.5000,242.0000,198.0000,223.0000,217.0000,221.0000,8081
625,20210531,13:30:00,半導體業,華東,8110,15.2500,16.5500,13.5500,15.6000,15.0000,15.3000,8110
626,20210531,13:30:00,半導體業,福懋科,8131,39.4000,43.0000,35.2000,40.1500,39.3000,39.7500,8131
627,20210531,13:30:00,半導體業,南茂,8150,45.3500,49.4000,40.5000,45.9000,44.8000,45.5500,8150
628,20210531,13:30:00,半導體業,富鼎,8261,62.8000,68.3000,55.9000,68.3000,62.3000,68.3000,8261
629,20210531,13:30:00,半導體業,宇瞻,8271,45.3500,49.6500,40.6500,46.3000,44.8000,45.6500,8271
630,20210531,13:30:00,電腦及週邊設備業,光寶科,2301,65.7000,72.2000,59.2000,66.4000,65.2000,66.2000,2301
631,20210531,13:30:00,電腦及週邊設備業,全友,2305,9.3400,10.2000,8.3700,9.4000,9.1800,9.2200,2305
632,20210531,13:30:00,電腦及週邊設備業,仁寶,2324,23.3000,25.6000,21.0000,23.5000,23.2500,23.4500,2324
633,20210531,13:30:00,電腦及週邊設備業,精英,2331,24.1500,26.5500,21.7500,24.8500,24.0500,24.6000,2331
634,20210531,13:30:00,電腦及週邊設備業,佳世達,2352,30.3000,33.1500,27.1500,31.1500,30.1500,30.7000,2352
635,20210531,13:30:00,電腦及週邊設備業,宏碁,2353,31.8500,34.9500,28.6500,32.0000,31.3500,31.9000,2353
636,20210531,13:30:00,電腦及週邊設備業,英業達,2356,25.8000,28.2500,23.1500,26.0000,25.7000,25.8500,2356
637,20210531,13:30:00,電腦及週邊設備業,華碩,2357,392.5000,430.5000,352.5000,396.0000,390.5000,395.0000,2357
638,20210531,13:30:00,電腦及週邊設備業,藍天,2362,29.9500,32.9000,27.0000,30.0500,29.8000,29.9000,2362
639,20210531,13:30:00,電腦及週邊設備業,倫飛,2364,3.0300,3.6100,2.9700,3.2800,3.0300,3.2300,2364
640,20210531,13:30:00,電腦及週邊設備業,昆盈,2365,12.8500,14.0500,11.5500,12.8500,12.6500,12.7000,2365
641,20210531,13:30:00,電腦及週邊設備業,技嘉,2376,111.0000,118.5000,97.2000,111.5000,108.0000,110.0000,2376
642,20210531,13:30:00,電腦及週邊設備業,微星,2377,166.0000,183.0000,150.0000,167.5000,162.0000,165.5000,2377
643,20210531,13:30:00,電腦及週邊設備業,虹光,2380,12.4000,13.5000,11.1000,12.4500,12.0500,12.1000,2380
644,20210531,13:30:00,電腦及週邊設備業,廣達,2382,88.1000,96.6000,79.2000,89.8000,88.0000,89.7000,2382
645,20210531,13:30:00,電腦及週邊設備業,精元,2387,56.4000,62.0000,50.8000,57.1000,55.3000,55.4000,2387
646,20210531,13:30:00,電腦及週邊設備業,研華,2395,327.5000,359.0000,294.0000,332.0000,327.0000,329.5000,2395
647,20210531,13:30:00,電腦及週邊設備業,友通,2397,63.8000,69.8000,57.2000,63.8000,63.2000,-,2397
648,20210531,13:30:00,電腦及週邊設備業,映泰,2399,25.5000,27.2000,22.3000,25.7000,24.9000,25.0500,2399
649,20210531,13:30:00,電腦及週邊設備業,浩鑫,2405,13.3000,14.4500,11.8500,13.3000,12.8500,12.9000,2405
650,20210531,13:30:00,電腦及週邊設備業,圓剛,2417,43.7000,47.6000,39.0000,43.7500,43.1000,43.6000,2417
651,20210531,13:30:00,電腦及週邊設備業,隴華,2424,-,28.8500,23.6500,-,-,-,2424
652,20210531,13:30:00,電腦及週邊設備業,承啟,2425,30.8000,33.8500,27.7500,31.7000,30.3500,31.5000,2425
653,20210531,13:30:00,電腦及週邊設備業,新美齊,2442,10.3000,11.2000,9.1800,10.3000,10.1500,10.2500,2442
654,20210531,13:30:00,電腦及週邊設備業,麗臺,2465,55.2000,60.2000,49.3500,57.7000,52.7000,57.7000,2465
655,20210531,13:30:00,電腦及週邊設備業,歐格,3002,12.0000,13.2000,10.8000,12.0000,11.6000,11.9000,3002
656,20210531,13:30:00,電腦及週邊設備業,神基,3005,52.2000,57.2000,46.8000,52.5000,51.3000,51.7000,3005
657,20210531,13:30:00,電腦及週邊設備業,晟銘電,3013,13.2000,14.5000,11.9000,13.2500,13.0500,13.2500,3013
658,20210531,13:30:00,電腦及週邊設備業,奇鋐,3017,72.5000,78.7000,64.5000,74.7000,72.0000,73.4000,3017
659,20210531,13:30:00,電腦及週邊設備業,威強電,3022,50.8000,55.5000,45.4500,51.5000,50.8000,51.0000,3022
660,20210531,13:30:00,電腦及週邊設備業,建碁,3046,22.7000,24.6000,20.2000,24.6000,22.5500,24.5000,3046
661,20210531,13:30:00,電腦及週邊設備業,喬鼎,3057,16.0000,17.5000,14.4000,16.3000,15.2000,15.5000,3057
662,20210531,13:30:00,電腦及週邊設備業,銘異,3060,25.6000,27.8000,22.8000,25.6500,24.5000,25.1000,3060
663,20210531,13:30:00,電腦及週邊設備業,緯創,3231,30.5500,33.6000,27.5000,30.8500,30.2000,30.7500,3231
664,20210531,13:30:00,電腦及週邊設備業,融程電,3416,74.0000,81.0000,66.4000,74.0000,73.1000,73.7000,3416
665,20210531,13:30:00,電腦及週邊設備業,誠研,3494,3.4700,3.8100,3.1300,3.4800,3.2800,-,3494
666,20210531,13:30:00,電腦及週邊設備業,華擎,3515,163.0000,179.0000,147.0000,163.5000,160.0000,162.5000,3515
667,20210531,13:30:00,電腦及週邊設備業,大眾控,3701,-,15.7000,12.9000,-,-,-,3701
668,20210531,13:30:00,電腦及週邊設備業,神達,3706,28.3000,31.0000,25.4000,28.3000,28.0500,28.2000,3706
669,20210531,13:30:00,電腦及週邊設備業,永崴投控,3712,28.5500,31.1500,25.5500,29.2000,28.4000,28.7500,3712
670,20210531,13:30:00,電腦及週邊設備業,事欣科,4916,22.8000,24.8500,20.3500,22.8000,22.3500,22.4000,4916
671,20210531,13:30:00,電腦及週邊設備業,和碩,4938,73.1000,80.5000,65.9000,73.5000,72.7000,73.5000,4938
672,20210531,13:30:00,電腦及週邊設備業,科嘉-KY,5215,113.0000,124.0000,102.0000,114.5000,112.0000,113.0000,5215
673,20210531,13:30:00,電腦及週邊設備業,虹堡,5258,22.0000,24.2000,19.8000,22.0500,21.7000,21.9000,5258
674,20210531,13:30:00,電腦及週邊設備業,迎廣,6117,15.9000,17.6000,14.4000,16.0000,15.8500,-,6117
675,20210531,13:30:00,電腦及週邊設備業,上福,6128,25.0500,27.3500,22.4500,25.0500,24.9000,24.9500,6128
676,20210531,13:30:00,電腦及週邊設備業,凌華,6166,60.0000,65.2000,53.4000,60.0000,59.0000,59.1000,6166
677,20210531,13:30:00,電腦及週邊設備業,互億,6172,36.6500,40.1500,32.8500,38.7000,36.6500,37.9500,6172
678,20210531,13:30:00,電腦及週邊設備業,飛捷,6206,62.4000,68.6000,56.2000,63.8000,62.4000,63.3000,6206
679,20210531,13:30:00,電腦及週邊設備業,尼得科超眾,6230,205.5000,221.5000,181.5000,205.5000,202.0000,202.0000,6230
680,20210531,13:30:00,電腦及週邊設備業,華孚,6235,18.4500,20.1000,16.5000,18.5000,18.2500,18.2500,6235
681,20210531,13:30:00,電腦及週邊設備業,宏正,6277,83.3000,91.6000,75.0000,83.7000,83.3000,83.4000,6277
682,20210531,13:30:00,電腦及週邊設備業,樺漢,6414,210.0000,229.5000,188.5000,213.5000,208.0000,210.0000,6414
683,20210531,13:30:00,電腦及週邊設備業,研揚,6579,67.6000,75.4000,61.8000,67.6000,67.6000,-,6579
684,20210531,13:30:00,電腦及週邊設備業,動力-KY,6591,65.6000,71.7000,58.7000,66.3000,65.2000,65.5000,6591
685,20210531,13:30:00,電腦及週邊設備業,緯穎,6669,910.0000,999.0000,819.0000,938.0000,910.0000,931.0000,6669
686,20210531,13:30:00,電腦及週邊設備業,振樺電,8114,71.2000,77.6000,63.6000,71.2000,70.8000,71.0000,8114
687,20210531,13:30:00,電腦及週邊設備業,達方,8163,42.7000,47.0000,38.5000,43.0000,42.2000,42.6500,8163
688,20210531,13:30:00,電腦及週邊設備業,勤誠,8210,74.9000,82.1000,67.3000,75.2000,73.7000,73.7000,8210
689,20210531,13:30:00,電腦及週邊設備業,偉聯,9912,9.4000,10.2000,8.3700,9.4400,9.2000,9.3200,9912
690,20210531,13:30:00,光電業,中環,2323,10.3000,11.2000,9.1800,10.4000,10.2000,10.2500,2323
691,20210531,13:30:00,光電業,光磊,2340,27.0500,29.8500,24.4500,27.1500,26.7000,26.9000,2340
692,20210531,13:30:00,光電業,錸德,2349,9.7800,10.7000,8.7800,10.1000,9.7500,10.0000,2349
693,20210531,13:30:00,光電業,佳能,2374,15.1000,16.6500,13.6500,15.3500,15.1000,15.2500,2374
694,20210531,13:30:00,光電業,億光,2393,46.2000,50.7000,41.5000,46.4000,45.7000,45.8000,2393
695,20210531,13:30:00,光電業,國碩,2406,18.8500,20.6500,16.9500,19.4000,18.7500,18.8500,2406
696,20210531,13:30:00,光電業,友達,2409,24.2500,25.8500,21.1500,25.8500,23.7500,25.8500,2409
697,20210531,13:30:00,光電業,鼎元,2426,28.1000,30.2500,24.7500,28.5000,27.0000,27.3500,2426
698,20210531,13:30:00,光電業,翔耀,2438,11.1500,12.5000,10.3000,11.3000,10.9000,11.2000,2438
699,20210531,13:30:00,光電業,冠西電,2466,32.0000,35.2000,28.8000,32.3000,31.9000,32.2000,2466
700,20210531,13:30:00,光電業,一詮,2486,29.9500,32.7000,26.8000,30.1500,29.0000,29.0500,2486
701,20210531,13:30:00,光電業,瑞軒,2489,18.2500,19.3500,15.8500,18.8000,17.7000,17.9500,2489
702,20210531,13:30:00,光電業,吉祥全,2491,32.6000,34.1000,27.9000,32.6000,27.9000,28.2000,2491
703,20210531,13:30:00,光電業,大立光,3008,2920.0000,3200.0000,2620.0000,3030.0000,2910.0000,3030.0000,3008
704,20210531,13:30:00,光電業,亞光,3019,82.8000,89.3000,73.1000,83.0000,80.5000,82.0000,3019
705,20210531,13:30:00,光電業,憶聲,3024,13.9000,14.9500,12.2500,13.9000,13.3500,13.4500,3024
706,20210531,13:30:00,光電業,佰鴻,3031,18.3000,20.1000,16.5000,18.6000,18.3000,18.4000,3031
707,20210531,13:30:00,光電業,全台,3038,21.5000,23.6500,19.3500,22.0000,20.8000,21.0500,3038
708,20210531,13:30:00,光電業,和鑫,3049,12.6000,13.6500,11.2500,13.0000,12.5000,12.6500,3049
709,20210531,13:30:00,光電業,鈺德,3050,15.7000,17.1500,14.0500,15.8000,15.1000,15.4000,3050
710,20210531,13:30:00,光電業,力特,3051,7.9000,8.7000,7.1200,8.1700,7.9000,8.0000,3051
711,20210531,13:30:00,光電業,華晶科,3059,36.0000,39.7500,32.5500,36.5000,35.3500,35.6000,3059
712,20210531,13:30:00,光電業,正達,3149,34.5500,37.2500,30.5500,35.9500,33.9000,34.9000,3149
713,20210531,13:30:00,光電業,奇偶,3356,28.5000,31.0000,25.4000,28.7500,28.2500,28.5000,3356
714,20210531,13:30:00,光電業,新世紀,3383,4.3700,4.9500,4.0500,4.4600,4.3700,4.4600,3383
715,20210531,13:30:00,光電業,玉晶光,3406,461.5000,503.0000,412.5000,467.0000,449.0000,467.0000,3406
716,20210531,13:30:00,光電業,榮創,3437,30.4000,33.0000,27.0000,31.0500,29.5500,29.8000,3437
717,20210531,13:30:00,光電業,晶睿,3454,78.0000,85.6000,70.2000,78.2000,77.8000,77.8000,3454
718,20210531,13:30:00,光電業,群創,3481,22.6000,24.5000,20.1000,24.4500,22.4000,24.3500,3481
719,20210531,13:30:00,光電業,揚明光,3504,75.2000,82.0000,67.2000,76.0000,74.1000,74.8000,3504
720,20210531,13:30:00,光電業,晶彩科,3535,16.9500,18.5000,15.2000,17.9500,16.9500,17.6000,3535
721,20210531,13:30:00,光電業,州巧,3543,28.3000,30.8000,25.2000,28.4000,27.8500,27.9000,3543
722,20210531,13:30:00,光電業,牧德,3563,236.5000,258.5000,211.5000,243.0000,236.5000,240.5000,3563
723,20210531,13:30:00,光電業,聯合再生,3576,13.6000,14.9500,12.2500,13.7500,13.3500,13.4000,3576
724,20210531,13:30:00,光電業,艾笛森,3591,19.8000,21.5000,17.6000,20.3500,19.8000,20.2500,3591
725,20210531,13:30:00,光電業,洋華,3622,33.3500,36.4000,29.8000,34.2000,33.1000,33.1500,3622
726,20210531,13:30:00,光電業,圓展,3669,83.9000,91.7000,75.1000,84.7000,82.9000,84.3000,3669
727,20210531,13:30:00,光電業,TPK-KY,3673,46.5500,50.8000,41.6000,47.2000,46.1000,46.1000,3673
728,20210531,13:30:00,光電業,富采,3714,77.4000,83.6000,68.4000,77.4000,74.7000,75.5000,3714
729,20210531,13:30:00,光電業,太極,4934,23.9000,26.1500,21.4500,24.3000,23.7000,23.8000,4934
730,20210531,13:30:00,光電業,茂林-KY,4935,94.1000,100.5000,82.6000,99.5000,94.1000,96.5000,4935
731,20210531,13:30:00,光電業,嘉彰,4942,42.4500,46.5500,38.1500,43.3500,42.4500,43.0000,4942
732,20210531,13:30:00,光電業,光鋐,4956,24.0000,26.2000,21.5000,24.1000,23.2000,23.5000,4956
733,20210531,13:30:00,光電業,誠美材,4960,12.4500,13.5500,11.1500,12.8500,12.3500,12.5000,4960
734,20210531,13:30:00,光電業,佳凌,4976,85.9000,94.4000,77.4000,88.0000,83.1000,83.8000,4976
735,20210531,13:30:00,光電業,達興材料,5234,88.9000,97.7000,80.1000,89.9000,88.6000,-,5234
736,20210531,13:30:00,光電業,乙盛-KY,5243,61.8000,66.4000,54.4000,62.3000,60.7000,61.2000,5243
737,20210531,13:30:00,光電業,慧友,5484,14.2500,15.6500,12.8500,14.5000,14.0000,-,5484
738,20210531,13:30:00,光電業,彩晶,6116,21.8000,23.4000,19.2000,23.4000,21.6500,23.4000,6116
739,20210531,13:30:00,光電業,達運,6120,13.8000,15.0000,12.3000,14.3500,13.6000,13.8000,6120
740,20210531,13:30:00,光電業,華興,6164,10.2000,11.1000,9.0900,10.2000,9.9200,10.0500,6164
741,20210531,13:30:00,光電業,宏齊,6168,20.9000,22.7000,18.6000,21.1000,20.6500,20.7500,6168
742,20210531,13:30:00,光電業,瑞儀,6176,119.0000,129.5000,106.5000,119.0000,117.0000,118.0000,6176
743,20210531,13:30:00,光電業,今國光,6209,34.1000,36.9000,30.2000,34.1000,33.1000,33.6000,6209
744,20210531,13:30:00,光電業,天瀚,6225,3.7900,4.1500,3.4100,3.7900,3.7900,-,6225
745,20210531,13:30:00,光電業,光鼎,6226,9.4200,10.2000,8.3700,9.4200,9.1000,9.2000,6226
746,20210531,13:30:00,光電業,台表科,6278,119.0000,129.0000,106.0000,120.0000,117.5000,119.0000,6278
747,20210531,13:30:00,光電業,華上,6289,3.0000,3.3200,2.7200,3.1000,2.9300,2.9300,6289
748,20210531,13:30:00,光電業,悅城,6405,27.8500,30.4000,24.9000,28.6000,27.8500,28.2000,6405
749,20210531,13:30:00,光電業,光麗-KY,6431,31.2000,34.3000,28.1000,31.2000,30.6000,-,6431
750,20210531,13:30:00,光電業,元晶,6443,33.1000,36.3000,29.7000,33.8000,32.7000,32.8500,6443
751,20210531,13:30:00,光電業,GIS-KY,6456,99.4000,107.0000,87.8000,101.0000,98.3000,98.4000,6456
752,20210531,13:30:00,光電業,安集,6477,45.0500,49.5000,40.5000,46.6000,44.6000,45.7000,6477
753,20210531,13:30:00,光電業,中揚光,6668,67.3000,73.0000,59.8000,67.3000,64.6000,64.8000,6668
754,20210531,13:30:00,光電業,惠特,6706,163.0000,178.0000,146.0000,166.0000,160.0000,163.0000,6706
755,20210531,13:30:00,光電業,錸寶,8104,50.2000,54.7000,44.8500,50.4000,49.6500,49.8500,8104
756,20210531,13:30:00,光電業,凌巨,8105,14.0500,15.2500,12.5500,14.8000,14.0500,14.2500,8105
757,20210531,13:30:00,光電業,明基材,8215,26.4500,28.8500,23.6500,27.2000,25.9000,26.6000,8215
758,20210531,13:30:00,通信網路業,台揚,2314,35.8000,38.9000,31.9000,36.2000,34.9500,35.0000,2314
759,20210531,13:30:00,通信網路業,東訊,2321,7.1000,7.8700,6.4500,7.2000,7.1000,7.1800,2321
760,20210531,13:30:00,通信網路業,友訊,2332,19.4500,21.2500,17.4500,20.2500,19.4500,20.0500,2332
761,20210531,13:30:00,通信網路業,智邦,2345,294.5000,322.0000,264.0000,307.5000,294.0000,307.5000,2345
762,20210531,13:30:00,通信網路業,中華電,2412,113.5000,124.0000,102.0000,114.0000,113.0000,113.5000,2412
763,20210531,13:30:00,通信網路業,仲琦,2419,20.9500,22.9500,18.8500,21.2000,20.9500,21.0500,2419
764,20210531,13:30:00,通信網路業,美律,2439,107.5000,117.5000,96.3000,108.0000,106.0000,107.5000,2439
765,20210531,13:30:00,通信網路業,兆勁,2444,12.1500,13.3500,10.9500,12.7000,12.1500,12.6000,2444
766,20210531,13:30:00,通信網路業,神腦,2450,32.0000,35.4500,29.0500,32.5500,32.0000,32.4500,2450
767,20210531,13:30:00,通信網路業,全新,2455,113.5000,123.0000,101.0000,115.0000,110.5000,113.5000,2455
768,20210531,13:30:00,通信網路業,兆赫,2485,19.1500,20.9000,17.1000,19.8000,19.1500,19.4500,2485
769,20210531,13:30:00,通信網路業,宏達電,2498,36.5500,40.0000,32.8000,37.3000,36.2500,37.0500,2498
770,20210531,13:30:00,通信網路業,星通,3025,26.1500,28.5000,23.4000,26.3500,25.9500,26.0000,3025
771,20210531,13:30:00,通信網路業,盛達,3027,23.3000,25.6000,21.0000,23.8000,23.2000,23.4500,3027
772,20210531,13:30:00,通信網路業,台灣大,3045,100.0000,109.5000,89.8000,100.5000,99.4000,100.5000,3045
773,20210531,13:30:00,通信網路業,訊舟,3047,11.3500,12.3000,10.1000,11.4000,11.1500,11.2500,3047
774,20210531,13:30:00,通信網路業,建漢,3062,17.5000,19.0000,15.6000,17.8000,17.4000,17.6000,3062
775,20210531,13:30:00,通信網路業,耀登,3138,200.0000,218.5000,179.5000,203.0000,186.0000,190.0000,3138
776,20210531,13:30:00,通信網路業,閎暉,3311,34.3000,37.4000,30.6000,35.1500,34.3000,34.5000,3311
777,20210531,13:30:00,通信網路業,明泰,3380,28.0000,30.5500,25.0500,28.3000,27.7000,27.8500,3380
778,20210531,13:30:00,通信網路業,譁裕,3419,19.3000,21.1500,17.3500,19.6500,19.1000,19.4500,3419
779,20210531,13:30:00,通信網路業,智易,3596,95.2000,104.0000,85.4000,97.4000,93.7000,96.9000,3596
780,20210531,13:30:00,通信網路業,亞太電,3682,8.8300,9.6500,7.9100,8.8500,8.7100,8.7100,3682
781,20210531,13:30:00,通信網路業,海華,3694,23.1500,25.4000,20.8000,23.3500,22.8500,23.3000,3694
782,20210531,13:30:00,通信網路業,合勤控,3704,31.0000,33.6000,27.5000,31.3000,30.5500,31.1500,3704
783,20210531,13:30:00,通信網路業,遠傳,4904,64.6000,70.9000,58.1000,64.6000,64.0000,64.4000,4904
784,20210531,13:30:00,通信網路業,正文,4906,30.1000,32.7500,26.8500,30.1500,29.8000,30.0500,4906
785,20210531,13:30:00,通信網路業,眾達-KY,4977,95.3000,104.5000,85.8000,98.3000,95.3000,97.5000,4977
786,20210531,13:30:00,通信網路業,中磊,5388,66.3000,72.6000,59.4000,66.6000,65.8000,66.5000,5388
787,20210531,13:30:00,通信網路業,富爾特,6136,17.4000,19.1000,15.7000,17.4500,17.3500,17.4000,6136
788,20210531,13:30:00,通信網路業,友勁,6142,12.1000,13.2500,10.8500,12.4000,12.1000,12.2500,6142
789,20210531,13:30:00,通信網路業,百一,6152,10.6000,11.5500,9.4500,10.7000,10.3000,10.5000,6152
790,20210531,13:30:00,通信網路業,居易,6216,25.1000,27.6000,22.6000,25.2000,25.1000,25.1000,6216
791,20210531,13:30:00,通信網路業,啟碁,6285,66.5000,72.8000,59.6000,66.6000,66.0000,66.2000,6285
792,20210531,13:30:00,通信網路業,瑞祺電通,6416,120.0000,130.0000,107.0000,120.5000,116.0000,117.5000,6416
793,20210531,13:30:00,通信網路業,統新,6426,83.0000,91.1000,74.7000,83.0000,81.5000,82.0000,6426
794,20210531,13:30:00,通信網路業,光聖,6442,32.7500,35.9500,29.4500,32.7500,32.7500,32.7500,6442
795,20210531,13:30:00,通信網路業,鋐寶科技,6674,29.5000,31.9000,26.1000,29.5000,28.9000,-,6674
796,20210531,13:30:00,通信網路業,台通,8011,18.3000,18.7500,15.3500,18.7500,18.0500,18.7500,8011
797,20210531,13:30:00,通信網路業,華冠,8101,2.8000,3.0800,2.5200,2.8000,2.7000,2.8000,8101
798,20210531,13:33:00,電子零組件業,首利,1471,10.0000,11.0000,9.0000,10.2000,9.9700,10.1500,1471
799,20210531,13:30:00,電子零組件業,信錦,1582,84.0000,91.9000,75.3000,84.0000,83.5000,83.9000,1582
800,20210531,13:30:00,電子零組件業,川湖,2059,376.5000,414.0000,339.0000,383.5000,376.5000,383.5000,2059
801,20210531,13:30:00,電子零組件業,台達電,2308,294.0000,320.5000,262.5000,296.5000,289.0000,296.0000,2308
802,20210531,13:30:00,電子零組件業,華通,2313,38.2500,42.1000,34.5000,38.4500,37.8500,38.4000,2313
803,20210531,13:30:00,電子零組件業,楠梓電,2316,29.0000,31.7000,26.0000,29.2000,28.8000,29.0000,2316
804,20210531,13:30:00,電子零組件業,國巨,2327,501.0000,539.0000,441.0000,511.0000,498.5000,505.0000,2327
805,20210531,13:30:00,電子零組件業,廣宇,2328,40.4000,43.0500,35.2500,40.7500,39.5000,39.5500,2328
806,20210531,13:30:00,電子零組件業,敬鵬,2355,29.8000,31.9500,26.1500,29.8000,28.8500,28.9000,2355
807,20210531,13:30:00,電子零組件業,燿華,2367,20.7000,22.6500,18.5500,21.1000,20.7000,20.9500,2367
808,20210531,13:30:00,電子零組件業,金像電,2368,54.6000,58.4000,47.8000,55.9000,53.3000,55.2000,2368
809,20210531,13:30:00,電子零組件業,凱美,2375,107.0000,114.5000,94.1000,108.0000,104.0000,104.5000,2375
810,20210531,13:30:00,電子零組件業,台光電,2383,160.0000,174.0000,143.0000,164.0000,159.5000,164.0000,2383
811,20210531,13:30:00,電子零組件業,群光,2385,78.0000,85.1000,69.7000,78.2000,77.4000,77.8000,2385
812,20210531,13:30:00,電子零組件業,正崴,2392,39.6500,43.9000,36.0000,40.4000,39.6500,40.2000,2392
813,20210531,13:30:00,電子零組件業,毅嘉,2402,17.5000,18.9000,15.5000,17.5000,17.3000,17.3500,2402
814,20210531,13:30:00,電子零組件業,環科,2413,22.8500,25.1000,20.6000,23.9500,22.8500,23.3000,2413
815,20210531,13:30:00,電子零組件業,錩新,2415,38.0000,41.2500,33.7500,39.5500,37.6000,38.9500,2415
816,20210531,13:30:00,電子零組件業,新巨,2420,37.0000,40.5500,33.2500,37.1000,36.9000,36.9500,2420
817,20210531,13:30:00,電子零組件業,建準,2421,43.5000,47.6500,39.0500,43.8000,43.2500,43.4500,2421
818,20210531,13:30:00,電子零組件業,興勤,2428,160.5000,176.0000,144.0000,164.0000,159.0000,163.5000,2428
819,20210531,13:30:00,電子零組件業,銘旺科,2429,15.9500,17.5000,14.4000,15.9500,15.7000,-,2429
820,20210531,13:30:00,電子零組件業,聯昌,2431,15.0000,16.3500,13.4500,15.4000,14.6000,14.8000,2431
821,20210531,13:30:00,電子零組件業,太空梭,2440,19.6000,21.3500,17.5500,21.0500,19.2000,19.4000,2440
822,20210531,13:30:00,電子零組件業,奇力新,2456,100.0000,108.5000,89.1000,101.0000,99.0000,99.6000,2456
823,20210531,13:30:00,電子零組件業,飛宏,2457,34.9000,37.1500,30.4500,37.1500,34.7500,36.4000,2457
824,20210531,13:30:00,電子零組件業,建通,2460,35.1000,38.0500,31.1500,36.2000,34.6000,35.0000,2460
825,20210531,13:30:00,電子零組件業,良得電,2462,33.9000,36.8500,30.1500,33.9000,33.4500,33.7000,2462
826,20210531,13:30:00,電子零組件業,志聖,2467,53.3000,58.4000,47.8000,53.9000,53.2000,53.6000,2467
827,20210531,13:30:00,電子零組件業,立隆電,2472,65.7000,70.8000,58.0000,67.4000,65.2000,65.6000,2472
828,20210531,13:30:00,電子零組件業,鉅祥,2476,36.3000,39.1500,32.0500,36.3000,34.7000,35.2000,2476
829,20210531,13:30:00,電子零組件業,大毅,2478,73.0000,75.9000,62.1000,74.0000,70.1000,70.4000,2478
830,20210531,13:30:00,電子零組件業,百容,2483,19.5000,21.6500,17.7500,19.8500,19.4500,19.8500,2483
831,20210531,13:30:00,電子零組件業,希華,2484,28.4500,31.2500,25.6500,29.0000,28.0500,28.7000,2484
832,20210531,13:30:00,電子零組件業,華新科,2492,210.0000,228.0000,187.0000,212.5000,205.5000,210.0000,2492
833,20210531,13:30:00,電子零組件業,揚博,2493,37.4000,41.1000,33.7000,37.6500,37.1500,37.5500,2493
834,20210531,13:30:00,電子零組件業,健和興,3003,73.1000,79.8000,65.4000,74.8000,71.8000,74.2000,3003
835,20210531,13:30:00,電子零組件業,今皓,3011,8.1000,8.8000,7.2000,8.2000,8.0000,8.0700,3011
836,20210531,13:30:00,電子零組件業,全漢,3015,43.7000,48.0500,39.3500,44.5500,43.4000,44.1000,3015
837,20210531,13:30:00,電子零組件業,鴻名,3021,21.0000,22.6000,18.5000,21.1500,20.5500,20.7500,3021
838,20210531,13:30:00,電子零組件業,信邦,3023,263.0000,287.5000,235.5000,267.0000,262.5000,266.0000,3023
839,20210531,13:30:00,電子零組件業,禾伸堂,3026,135.0000,144.5000,118.5000,135.0000,131.5000,132.5000,3026
840,20210531,13:30:00,電子零組件業,偉訓,3032,41.5000,45.5500,37.3500,41.7500,41.4500,41.5000,3032
841,20210531,13:30:00,電子零組件業,欣興,3037,107.5000,114.5000,94.1000,114.0000,106.0000,112.5000,3037
842,20210531,13:30:00,電子零組件業,晶技,3042,105.0000,113.0000,92.7000,113.0000,104.0000,110.5000,3042
843,20210531,13:30:00,電子零組件業,健鼎,3044,127.5000,139.0000,114.0000,128.5000,126.0000,128.5000,3044
844,20210531,13:30:00,電子零組件業,立德,3058,15.9500,17.2000,14.1000,16.4500,15.5500,15.6000,3058
845,20210531,13:30:00,電子零組件業,日電貿,3090,53.4000,58.1000,47.6500,53.7000,53.1000,53.2000,3090
846,20210531,13:30:00,電子零組件業,鴻碩,3092,67.0000,73.1000,59.9000,69.5000,66.0000,68.0000,3092
847,20210531,13:30:00,電子零組件業,晟鈦,3229,6.2200,6.9600,5.7000,6.5000,6.1700,6.1700,3229
848,20210531,13:30:00,電子零組件業,勝德,3296,20.4500,22.4500,18.4500,20.8000,20.4000,20.8000,3296
849,20210531,13:30:00,電子零組件業,聯德,3308,8.7800,9.6500,7.9100,8.7800,8.5100,8.5800,3308
850,20210531,13:30:00,電子零組件業,同泰,3321,13.3000,14.5000,11.9000,13.3000,12.8000,12.9000,3321
851,20210531,13:30:00,電子零組件業,泰碩,3338,47.2000,51.4000,42.1500,49.2000,46.9000,48.7000,3338
852,20210531,13:30:00,電子零組件業,新日興,3376,112.0000,123.0000,101.0000,113.0000,110.0000,111.0000,3376
853,20210531,13:30:00,電子零組件業,台端,3432,13.0000,14.3000,11.7000,13.0500,12.8500,-,3432
854,20210531,13:30:00,電子零組件業,維熹,3501,50.5000,55.6000,45.5500,51.0000,50.3000,50.7000,3501
855,20210531,13:30:00,電子零組件業,嘉澤,3533,606.0000,651.0000,533.0000,607.0000,590.0000,593.0000,3533
856,20210531,13:30:00,電子零組件業,聯穎,3550,18.3500,20.0000,16.4000,18.6000,17.9500,18.0500,3550
857,20210531,13:30:00,電子零組件業,力銘,3593,14.7000,16.1500,13.2500,14.9000,14.6000,14.9000,3593
858,20210531,13:30:00,電子零組件業,宏致,3605,44.5500,48.0000,39.3000,45.7000,44.5000,45.1500,3605
859,20210531,13:30:00,電子零組件業,谷崧,3607,14.9500,16.1500,13.2500,14.9500,14.3500,14.5000,3607
860,20210531,13:30:00,電子零組件業,達邁,3645,45.4500,49.9000,40.9000,47.5500,45.4500,47.0000,3645
861,20210531,13:30:00,電子零組件業,健策,3653,287.5000,312.0000,256.0000,289.0000,281.5000,285.5000,3653
862,20210531,13:30:00,電子零組件業,新至陞,3679,135.5000,148.5000,121.5000,136.0000,134.5000,135.0000,3679
863,20210531,13:30:00,電子零組件業,銘鈺,4545,26.6000,29.2500,23.9500,27.5000,26.3500,-,4545
864,20210531,13:30:00,電子零組件業,聯德控股-KY,4912,181.0000,198.5000,162.5000,185.0000,180.5000,181.5000,4912
865,20210531,13:30:00,電子零組件業,致伸,4915,53.3000,58.5000,47.9000,53.4000,52.7000,53.1000,4915
866,20210531,13:30:00,電子零組件業,泰鼎-KY,4927,55.7000,61.2000,50.2000,57.7000,55.3000,56.5000,4927
867,20210531,13:30:00,電子零組件業,康控-KY,4943,64.2000,66.2000,54.2000,66.2000,64.0000,66.2000,4943
868,20210531,13:30:00,電子零組件業,臻鼎-KY,4958,97.0000,106.5000,87.3000,97.8000,95.2000,97.0000,4958
869,20210531,13:30:00,電子零組件業,榮科,4989,40.3000,43.3000,35.5000,42.3000,39.5500,40.6500,4989
870,20210531,13:30:00,電子零組件業,鑫禾,4999,49.3500,53.7000,44.0000,49.8000,49.0000,49.5000,4999
871,20210531,13:30:00,電子零組件業,瀚宇博,5469,44.6500,48.8000,40.0000,44.7000,44.2000,44.4000,5469
872,20210531,13:30:00,電子零組件業,競國,6108,18.9500,20.6500,16.9500,19.0500,18.8000,19.0500,6108
873,20210531,13:30:00,電子零組件業,鎰勝,6115,44.0000,48.0000,39.3000,44.0000,43.7500,43.8000,6115
874,20210531,13:30:00,電子零組件業,金橋,6133,9.2300,10.3000,8.4500,9.3500,9.2100,9.2500,6133
875,20210531,13:30:00,電子零組件業,柏承,6141,27.6000,30.1500,24.7500,27.8500,27.3000,27.5500,6141
876,20210531,13:30:00,電子零組件業,嘉聯益,6153,30.0000,32.9000,27.0000,30.2000,29.5000,29.5000,6153
877,20210531,13:30:00,電子零組件業,鈞寶,6155,26.0000,28.2000,23.1000,26.5000,25.6000,25.6000,6155
878,20210531,13:30:00,電子零組件業,浪凡,6165,31.9000,34.9500,28.6500,32.1000,31.2000,31.4500,6165
879,20210531,13:30:00,電子零組件業,精成科,6191,31.8000,34.6500,28.3500,32.7500,31.5000,32.2000,6191
880,20210531,13:30:00,電子零組件業,佳必琪,6197,37.9500,41.9500,34.3500,38.2000,37.8000,37.9500,6197
881,20210531,13:30:00,電子零組件業,詮欣,6205,31.4000,34.1000,27.9000,31.5000,31.0500,31.0500,6205
882,20210531,13:30:00,電子零組件業,聯茂,6213,125.0000,136.0000,112.0000,127.0000,124.5000,126.5000,6213
883,20210531,13:30:00,電子零組件業,聚鼎,6224,112.0000,122.0000,99.9000,115.0000,112.0000,114.0000,6224
884,20210531,13:30:00,電子零組件業,定穎,6251,19.5000,21.3000,17.5000,19.8000,19.3500,19.6000,6251
885,20210531,13:30:00,電子零組件業,台郡,6269,116.5000,127.0000,104.0000,120.5000,116.0000,119.0000,6269
886,20210531,13:30:00,電子零組件業,康舒,6282,26.6000,28.9500,23.7500,26.6500,26.2500,26.4000,6282
887,20210531,13:30:00,電子零組件業,群電,6412,68.6000,74.6000,61.2000,69.9000,68.4000,69.2000,6412
888,20210531,13:30:00,電子零組件業,鈺邦,6449,62.1000,67.1000,54.9000,63.4000,61.3000,63.4000,6449
889,20210531,13:30:00,電子零組件業,騰輝電子-KY,6672,108.0000,116.0000,95.0000,110.0000,104.5000,109.5000,6672
890,20210531,13:30:00,電子零組件業,嘉基,6715,108.0000,118.5000,97.2000,108.0000,106.0000,107.5000,6715
891,20210531,13:30:00,電子零組件業,AES-KY,6781,818.0000,899.0000,737.0000,818.0000,789.0000,802.0000,6781
892,20210531,13:30:00,電子零組件業,台虹,8039,47.6000,52.2000,42.7500,48.9500,47.6000,48.7000,8039
893,20210531,13:30:00,電子零組件業,南電,8046,316.0000,344.0000,282.0000,338.0000,315.0000,330.5000,8046
894,20210531,13:30:00,電子零組件業,瀚荃,8103,40.9000,44.9500,36.8500,41.7000,40.6000,41.6000,8103
895,20210531,13:30:00,電子零組件業,志超,8213,47.9500,52.6000,43.1000,48.3000,47.8500,48.1500,8213
896,20210531,13:30:00,電子零組件業,菱光,8249,22.0000,23.9500,19.6500,22.1500,21.8500,22.0000,8249
897,20210531,13:30:00,電子通路業,聯強,2347,58.9000,64.5000,52.9000,59.8000,58.7000,59.8000,2347
898,20210531,13:30:00,電子通路業,精技,2414,28.9000,31.6500,25.9500,29.1000,28.9000,29.0000,2414
899,20210531,13:30:00,電子通路業,燦坤,2430,27.7500,30.5000,25.0000,28.1000,27.3500,27.7000,2430
900,20210531,13:30:00,電子通路業,敦吉,2459,53.6000,58.8000,48.1500,53.9000,53.5000,-,2459
901,20210531,13:30:00,電子通路業,華立,3010,77.6000,84.9000,69.5000,78.2000,77.1000,77.9000,3010
902,20210531,13:30:00,電子通路業,增你強,3028,28.1000,30.8500,25.2500,28.1000,27.8000,28.0000,3028
903,20210531,13:30:00,電子通路業,威健,3033,23.1500,25.3000,20.7000,23.4500,22.9500,23.2000,3033
904,20210531,13:30:00,電子通路業,文曄,3036,54.7000,59.6000,48.8000,54.8000,54.0000,54.3000,3036
905,20210531,13:30:00,電子通路業,文曄甲特,3036A,47.8500,52.6000,43.1000,48.1500,47.7000,48.1500,3036A
906,20210531,13:30:00,電子通路業,益登,3048,35.1000,38.3000,31.4000,35.1500,34.5500,34.8500,3048
907,20210531,13:30:00,電子通路業,蔚華科,3055,29.5000,31.8000,26.1000,31.0000,29.3500,29.4000,3055
908,20210531,13:30:00,電子通路業,全科,3209,28.5000,31.2500,25.6500,28.5500,28.1500,28.2000,3209
909,20210531,13:30:00,電子通路業,弘憶股,3312,20.8000,22.2000,18.2000,20.8000,20.0500,20.2000,3312
910,20210531,13:30:00,電子通路業,安馳,3528,45.6500,50.2000,41.1000,45.6500,45.3500,45.6500,3528
911,20210531,13:30:00,電子通路業,大聯大,3702,51.7000,56.7000,46.4500,52.0000,51.3000,51.9000,3702
912,20210531,13:30:00,電子通路業,大聯大甲特,3702A,49.7500,54.6000,44.7000,50.0000,49.7500,50.0000,3702A
913,20210531,13:30:00,電子通路業,崇越,5434,131.5000,144.0000,118.0000,132.5000,130.5000,132.0000,5434
914,20210531,13:30:00,電子通路業,豐藝,6189,39.8000,43.7500,35.8500,40.1000,39.7500,39.9000,6189
915,20210531,13:30:00,電子通路業,全國電,6281,81.5000,89.6000,73.4000,81.8000,81.4000,-,6281
916,20210531,13:30:00,電子通路業,展碁國際,6776,39.0000,42.6500,34.9500,39.4500,38.6000,39.0500,6776
917,20210531,13:30:00,電子通路業,長華*,8070,34.2500,37.4000,30.6000,34.7000,33.8000,34.1000,8070
918,20210531,13:30:00,電子通路業,陞泰,8072,25.3000,27.8000,22.8000,25.8500,25.3000,-,8072
919,20210531,13:30:00,電子通路業,至上,8112,39.9500,43.7000,35.8000,39.9500,39.6000,39.7000,8112
920,20210531,13:30:00,資訊服務業,三商電,2427,11.4500,12.5500,10.3500,11.4500,11.2500,11.3500,2427
921,20210531,13:30:00,資訊服務業,凌群,2453,26.3000,28.5000,23.4000,26.9000,26.2000,26.7000,2453
922,20210531,13:30:00,資訊服務業,華經,2468,13.5500,14.8500,12.1500,13.6000,13.5500,13.5500,2468
923,20210531,13:30:00,資訊服務業,資通,2471,26.1000,28.6500,23.4500,26.5000,26.1000,26.3500,2471
924,20210531,13:30:00,資訊服務業,敦陽科,2480,70.0000,76.3000,62.5000,70.0000,69.1000,69.2000,2480
925,20210531,13:30:00,資訊服務業,零壹,3029,47.0000,51.6000,42.3000,47.1500,46.5500,46.8000,3029
926,20210531,13:30:00,資訊服務業,一零四,3130,168.0000,184.5000,151.5000,168.0000,166.5000,167.0000,3130
927,20210531,13:30:00,資訊服務業,傳奇,4994,65.0000,71.0000,58.2000,65.0000,63.9000,64.2000,4994
928,20210531,13:30:00,資訊服務業,訊連,5203,84.0000,92.2000,75.6000,84.2000,83.1000,83.5000,5203
929,20210531,13:30:00,資訊服務業,聚碩,6112,41.6000,45.5000,37.3000,42.0000,41.6000,41.7000,6112
930,20210531,13:30:00,資訊服務業,關貿,6183,49.7000,54.0000,44.2500,49.7000,48.9500,-,6183
931,20210531,13:30:00,資訊服務業,精誠,6214,86.8000,95.4000,78.2000,87.8000,86.8000,87.7000,6214
932,20210531,13:30:00,其他電子業,金寶,2312,13.7000,15.1000,12.4000,13.9000,13.5500,13.6000,2312
933,20210531,13:30:00,其他電子業,鴻海,2317,112.0000,122.0000,99.9000,113.5000,111.5000,113.5000,2317
934,20210531,13:30:00,其他電子業,鴻準,2354,65.1000,71.0000,58.2000,65.9000,64.5000,65.3000,2354
935,20210531,13:30:00,其他電子業,所羅門,2359,17.1500,18.7000,15.3000,17.2000,16.9500,17.0000,2359
936,20210531,13:30:00,其他電子業,致茂,2360,191.5000,211.0000,173.0000,191.5000,186.0000,188.5000,2360
937,20210531,13:30:00,其他電子業,震旦行,2373,91.4000,100.5000,82.3000,91.9000,91.4000,91.6000,2373
938,20210531,13:30:00,其他電子業,云辰,2390,29.0000,31.2500,25.6500,29.3000,25.6500,25.6500,2390
939,20210531,13:30:00,其他電子業,漢唐,2404,233.0000,256.0000,210.0000,233.0000,230.0000,231.0000,2404
940,20210531,13:30:00,其他電子業,固緯,2423,24.0000,26.3000,21.6000,24.0000,23.7000,23.7000,2423
941,20210531,13:30:00,其他電子業,互盛電,2433,52.2000,57.4000,47.0000,52.3000,52.0000,52.3000,2433
942,20210531,13:30:00,其他電子業,光群雷,2461,21.5000,23.5500,19.3500,21.6500,20.9000,21.2000,2461
943,20210531,13:30:00,其他電子業,盟立,2464,44.7500,48.6500,39.8500,46.8000,43.6000,46.4000,2464
944,20210531,13:30:00,其他電子業,可成,2474,183.5000,201.0000,165.0000,185.0000,183.0000,184.0000,2474
945,20210531,13:30:00,其他電子業,美隆電,2477,34.7000,38.0000,31.1000,35.3000,34.0000,34.1500,2477
946,20210531,13:30:00,其他電子業,連宇,2482,11.1000,12.2500,10.0500,11.1500,11.0000,11.0000,2482
947,20210531,13:30:00,其他電子業,漢平,2488,29.7500,32.8000,26.9000,30.0000,29.7500,30.0000,2488
948,20210531,13:30:00,其他電子業,普安,2495,20.6000,22.1500,18.1500,20.6500,19.4500,19.5500,2495
949,20210531,13:30:00,其他電子業,同開,3018,16.6000,18.1500,14.8500,16.6000,15.9000,16.3000,3018
950,20210531,13:30:00,其他電子業,德律,3030,57.1000,62.8000,51.4000,57.4000,57.0000,57.3000,3030
951,20210531,13:30:00,其他電子業,科風,3043,4.2000,4.6200,3.7800,4.2000,4.0000,4.0000,3043
952,20210531,13:30:00,其他電子業,昇貿,3305,44.1500,47.7000,39.1000,47.7000,44.0000,47.7000,3305
953,20210531,13:30:00,其他電子業,聯鈞,3450,57.3000,62.7000,51.3000,58.4000,57.0000,57.7000,3450
954,20210531,13:30:00,其他電子業,柏騰,3518,26.2500,28.8500,23.6500,26.7000,25.7000,26.5000,3518
955,20210531,13:30:00,其他電子業,碩天,3617,82.0000,90.0000,73.8000,82.5000,82.0000,82.0000,3617
956,20210531,13:30:00,其他電子業,貿聯-KY,3665,240.0000,265.0000,217.0000,245.0000,238.5000,243.5000,3665
957,20210531,13:30:00,其他電子業,東科-KY,5225,20.0500,22.5500,18.4500,20.5500,20.0500,20.3500,5225
958,20210531,13:30:00,其他電子業,亞翔,6139,29.0000,31.5000,25.8000,29.3500,28.6000,29.1000,6139
959,20210531,13:30:00,其他電子業,巨路,6192,71.0000,78.5000,64.3000,71.3000,70.9000,70.9000,6192
960,20210531,13:30:00,其他電子業,帆宣,6196,105.0000,112.5000,92.3000,105.0000,102.5000,102.5000,6196
961,20210531,13:30:00,其他電子業,亞弘電,6201,46.0000,50.6000,41.4000,46.0500,45.9000,46.0000,6201
962,20210531,13:30:00,其他電子業,和椿,6215,21.7500,23.9500,19.6500,22.3500,21.7000,22.0000,6215
963,20210531,13:30:00,其他電子業,淳安,6283,47.6000,52.1000,42.7000,47.8000,46.2000,46.4000,6283
964,20210531,13:30:00,其他電子業,旭隼,6409,1265.0000,1385.0000,1135.0000,1265.0000,1210.0000,1235.0000,6409
965,20210531,13:30:00,其他電子業,迅得,6438,91.6000,101.5000,83.2000,96.1000,91.6000,94.0000,6438
966,20210531,13:30:00,其他電子業,興能高,6558,39.7000,43.6500,35.7500,40.6000,39.5000,39.5500,6558
967,20210531,13:30:00,其他電子業,旭暉應材,6698,41.0000,45.4000,37.2000,42.9000,41.0000,41.7000,6698
968,20210531,13:30:00,其他電子業,安普新,6743,126.0000,138.0000,113.0000,127.0000,121.0000,121.5000,6743
969,20210531,13:30:00,其他電子業,尖點,8021,39.6500,43.6000,35.7000,40.3000,39.3000,39.4500,8021
970,20210531,13:30:00,其他電子業,無敵,8201,9.7600,10.7000,8.7900,10.0000,9.7600,9.9900,8201
